"waveid","personid","alterid","tie"
1,"pe0101","pe0301","1"
1,"pe0101","pe1601","1"
1,"pe0101","pe2401","1"
1,"pe0101","pe2701","1"
1,"pe0101","pe3901","1"
1,"pe0102","pe0502","1"
1,"pe0102","pe2402","1"
1,"pe0102","pe3102","1"
1,"pe0102","pe4801","1"
1,"pe0102","pe7060","1"
1,"pe0102","pe7060","1"
1,"pe0102","pe7078","1"
1,"pe0102","pe7228","1"
1,"pe0102","pe7287","1"
1,"pe0102","pe7507","1"
1,"pe0201","pe0301","1"
1,"pe0201","pe7197","1"
1,"pe0202","pe0102","1"
1,"pe0202","pe0302","1"
1,"pe0202","pe0502","1"
1,"pe0202","pe0801","1"
1,"pe0202","pe1602","1"
1,"pe0202","pe2202","1"
1,"pe0202","pe2301","1"
1,"pe0202","pe2902","1"
1,"pe0202","pe3802","1"
1,"pe0202","pe3901","1"
1,"pe0301","pe2701","1"
1,"pe0301","pe2902","1"
1,"pe0301","pe3901","1"
1,"pe0302","pe7349","1"
1,"pe0302","pe7362","1"
1,"pe0401","pe2701","1"
1,"pe0401","pe2801","1"
1,"pe0401","pe5701","1"
1,"pe0501","pe4901","1"
1,"pe0501","pe7007","1"
1,"pe0502","pe0101","1"
1,"pe0502","pe0601","1"
1,"pe0502","pe1001","1"
1,"pe0502","pe2401","1"
1,"pe0502","pe2402","1"
1,"pe0502","pe3101","1"
1,"pe0502","pe3901","1"
1,"pe0502","pe4901","1"
1,"pe0502","pe7007","1"
1,"pe0502","pe7101","1"
1,"pe0502","pe7414","1"
1,"pe0601","pe2701","1"
1,"pe0601","pe2801","1"
1,"pe0601","pe4901","1"
1,"pe0701","pe3401","1"
1,"pe0701","pe7192","1"
1,"pe0701","pe7453","1"
1,"pe0702","pe7435","1"
1,"pe0801","pe0502","1"
1,"pe0801","pe2402","1"
1,"pe0801","pe2602","1"
1,"pe0801","pe3502","1"
1,"pe1001","pe0101","1"
1,"pe1001","pe0601","1"
1,"pe1001","pe3501","1"
1,"pe1001","pe3502","1"
1,"pe1001","pe3504","1"
1,"pe1001","pe3510","1"
1,"pe1001","pe4301","1"
1,"pe1001","pe4501","1"
1,"pe1001","pe6101","1"
1,"pe1001","pe7057","1"
1,"pe1001","pe7187","1"
1,"pe1001","pe7329","1"
1,"pe1002","pe0602","1"
1,"pe1002","pe1302","1"
1,"pe1002","pe2002","1"
1,"pe1002","pe2602","1"
1,"pe1002","pe3502","1"
1,"pe1101","pe0701","1"
1,"pe1101","pe0702","1"
1,"pe1101","pe1201","1"
1,"pe1101","pe1202","1"
1,"pe1101","pe3401","1"
1,"pe1101","pe3402","1"
1,"pe1102","pe0502","1"
1,"pe1102","pe0702","1"
1,"pe1102","pe2402","1"
1,"pe1102","pe2802","1"
1,"pe1102","pe3402","1"
1,"pe1102","pe7081","1"
1,"pe1201","pe0701","1"
1,"pe1201","pe1101","1"
1,"pe1201","pe7015","1"
1,"pe1201","pe7169","1"
1,"pe1201","pe7194","1"
1,"pe1201","pe7204","1"
1,"pe1201","pe7237","1"
1,"pe1201","pe7361","1"
1,"pe1202","pe0101","1"
1,"pe1202","pe0501","1"
1,"pe1202","pe1601","1"
1,"pe1202","pe2401","1"
1,"pe1202","pe3401","1"
1,"pe1301","pe0301","1"
1,"pe1301","pe0601","1"
1,"pe1301","pe1001","1"
1,"pe1301","pe2001","1"
1,"pe1301","pe3201","1"
1,"pe1301","pe3205","1"
1,"pe1301","pe3206","1"
1,"pe1302","pe0601","1"
1,"pe1302","pe3201","1"
1,"pe1601","pe0101","1"
1,"pe1601","pe2001","1"
1,"pe1601","pe2301","1"
1,"pe1601","pe2401","1"
1,"pe1601","pe3901","1"
1,"pe1601","pe3904","1"
1,"pe1601","pe4905","1"
1,"pe1601","pe7033","1"
1,"pe1601","pe7172","1"
1,"pe1601","pe7173","1"
1,"pe1601","pe7186","1"
1,"pe1601","pe7259","1"
1,"pe1602","pe0302","1"
1,"pe1602","pe0601","1"
1,"pe1602","pe0602","1"
1,"pe1602","pe0801","1"
1,"pe1602","pe1302","1"
1,"pe1602","pe2002","1"
1,"pe1602","pe2402","1"
1,"pe1602","pe2602","1"
1,"pe1602","pe4802","1"
1,"pe1701","pe1703","1"
1,"pe1701","pe2701","1"
1,"pe1701","pe2801","1"
1,"pe1701","pe6101","1"
1,"pe1702","pe0101","1"
1,"pe1702","pe2401","1"
1,"pe1702","pe2701","1"
1,"pe1702","pe2801","1"
1,"pe1702","pe4701","1"
1,"pe1901","pe2701","1"
1,"pe1901","pe2801","1"
1,"pe1901","pe4501","1"
1,"pe1901","pe4901","1"
1,"pe1902","pe0401","1"
1,"pe1902","pe0602","1"
1,"pe1902","pe2002","1"
1,"pe1902","pe3901","1"
1,"pe1902","pe6102","1"
1,"pe2001","pe0602","1"
1,"pe2001","pe1001","1"
1,"pe2001","pe1601","1"
1,"pe2001","pe3201","1"
1,"pe2001","pe6101","1"
1,"pe2001","pe7259","1"
1,"pe2001","pe7336","1"
1,"pe2002","pe0602","1"
1,"pe2002","pe1002","1"
1,"pe2002","pe1302","1"
1,"pe2002","pe3201","1"
1,"pe2101","pe0601","1"
1,"pe2101","pe2701","1"
1,"pe2101","pe4501","1"
1,"pe2101","pe7312","1"
1,"pe2201","pe0501","1"
1,"pe2202","pe0202","1"
1,"pe2202","pe0502","1"
1,"pe2202","pe1102","1"
1,"pe2202","pe2402","1"
1,"pe2202","pe3102","1"
1,"pe2202","pe3402","1"
1,"pe2202","pe3502","1"
1,"pe2202","pe3702","1"
1,"pe2202","pe3901","1"
1,"pe2301","pe0101","1"
1,"pe2301","pe0102","1"
1,"pe2301","pe0801","1"
1,"pe2301","pe2402","1"
1,"pe2301","pe2702","1"
1,"pe2401","pe0301","1"
1,"pe2401","pe3301","1"
1,"pe2401","pe3901","1"
1,"pe2401","pe3904","1"
1,"pe2401","pe7253","1"
1,"pe2402","pe0502","1"
1,"pe2402","pe1602","1"
1,"pe2402","pe3502","1"
1,"pe2402","pe3901","1"
1,"pe2501","pe2801","1"
1,"pe2501","pe7032","1"
1,"pe2501","pe7105","1"
1,"pe2501","pe7137","1"
1,"pe2501","pe7179","1"
1,"pe2501","pe7179","1"
1,"pe2501","pe7315","1"
1,"pe2501","pe7399","1"
1,"pe2501","pe7427","1"
1,"pe2501","pe7437","1"
1,"pe2501","pe7446","1"
1,"pe2501","pe7469","1"
1,"pe2502","pe0401","1"
1,"pe2502","pe1001","1"
1,"pe2502","pe2701","1"
1,"pe2502","pe2702","1"
1,"pe2502","pe2801","1"
1,"pe2502","pe5701","1"
1,"pe2601","pe3301","1"
1,"pe2601","pe4801","1"
1,"pe2601","pe4901","1"
1,"pe2601","pe7073","1"
1,"pe2601","pe7109","1"
1,"pe2601","pe7153","1"
1,"pe2601","pe7156","1"
1,"pe2602","pe3102","1"
1,"pe2602","pe3302","1"
1,"pe2602","pe3901","1"
1,"pe2602","pe4802","1"
1,"pe2701","pe1701","1"
1,"pe2701","pe1703","1"
1,"pe2701","pe1705","1"
1,"pe2701","pe2501","1"
1,"pe2701","pe2801","1"
1,"pe2701","pe4501","1"
1,"pe2701","pe6101","1"
1,"pe2801","pe0401","1"
1,"pe2801","pe1705","1"
1,"pe2801","pe2701","1"
1,"pe2801","pe6101","1"
1,"pe2801","pe7206","1"
1,"pe2802","pe0401","1"
1,"pe2802","pe2502","1"
1,"pe2802","pe2702","1"
1,"pe2802","pe5701","1"
1,"pe2802","pe7148","1"
1,"pe2802","pe7389","1"
1,"pe2901","pe7133","1"
1,"pe2901","pe7317","1"
1,"pe3101","pe0101","1"
1,"pe3101","pe2001","1"
1,"pe3101","pe2701","1"
1,"pe3101","pe6101","1"
1,"pe3102","pe0102","1"
1,"pe3102","pe0502","1"
1,"pe3102","pe0801","1"
1,"pe3102","pe2602","1"
1,"pe3102","pe3502","1"
1,"pe3301","pe2601","1"
1,"pe3301","pe4801","1"
1,"pe3301","pe4901","1"
1,"pe3302","pe2602","1"
1,"pe3302","pe2701","1"
1,"pe3302","pe2702","1"
1,"pe3302","pe3502","1"
1,"pe3302","pe4702","1"
1,"pe3302","pe4902","1"
1,"pe3302","pe6102","1"
1,"pe3302","pe7209","1"
1,"pe3302","pe7385","1"
1,"pe3302","pe7409","1"
1,"pe3302","pe7419","1"
1,"pe3401","pe1101","1"
1,"pe3401","pe1201","1"
1,"pe3401","pe3801","1"
1,"pe3402","pe0501","1"
1,"pe3402","pe7258","1"
1,"pe3502","pe1002","1"
1,"pe3502","pe2402","1"
1,"pe3502","pe3901","1"
1,"pe3701","pe0502","1"
1,"pe3701","pe1705","1"
1,"pe3701","pe3206","1"
1,"pe3701","pe3304","1"
1,"pe3701","pe6201","1"
1,"pe3701","pe7070","1"
1,"pe3701","pe7235","1"
1,"pe3701","pe7365","1"
1,"pe3701","pe7420","1"
1,"pe3702","pe0502","1"
1,"pe3702","pe2202","1"
1,"pe3702","pe7059","1"
1,"pe3702","pe7235","1"
1,"pe3801","pe0201","1"
1,"pe3801","pe0202","1"
1,"pe3801","pe0301","1"
1,"pe3801","pe0302","1"
1,"pe3801","pe7012","1"
1,"pe3801","pe7083","1"
1,"pe3801","pe7127","1"
1,"pe3801","pe7391","1"
1,"pe3801","pe7394","1"
1,"pe3802","pe3201","1"
1,"pe3802","pe3402","1"
1,"pe3802","pe5401","1"
1,"pe3901","pe0101","1"
1,"pe3901","pe0501","1"
1,"pe3901","pe1601","1"
1,"pe3901","pe2401","1"
1,"pe4301","pe7123","1"
1,"pe4301","pe7506","1"
1,"pe4401","pe0501","1"
1,"pe4401","pe0601","1"
1,"pe4401","pe4501","1"
1,"pe4401","pe4901","1"
1,"pe4401","pe7170","1"
1,"pe4401","pe7213","1"
1,"pe4401","pe7369","1"
1,"pe4401","pe7508","1"
1,"pe4402","pe0702","1"
1,"pe4402","pe2602","1"
1,"pe4402","pe2702","1"
1,"pe4402","pe3302","1"
1,"pe4402","pe4302","1"
1,"pe4402","pe4902","1"
1,"pe4402","pe7051","1"
1,"pe4402","pe7094","1"
1,"pe4402","pe7094","1"
1,"pe4402","pe7097","1"
1,"pe4402","pe7104","1"
1,"pe4402","pe7126","1"
1,"pe4402","pe7273","1"
1,"pe4402","pe7327","1"
1,"pe4402","pe7412","1"
1,"pe4501","pe2701","1"
1,"pe4501","pe3301","1"
1,"pe4501","pe7031","1"
1,"pe4501","pe7115","1"
1,"pe4501","pe7321","1"
1,"pe4502","pe0401","1"
1,"pe4502","pe2102","1"
1,"pe4502","pe2602","1"
1,"pe4502","pe3901","1"
1,"pe4502","pe4902","1"
1,"pe4502","pe7009","1"
1,"pe4502","pe7041","1"
1,"pe4502","pe7111","1"
1,"pe4502","pe7147","1"
1,"pe4502","pe7174","1"
1,"pe4502","pe7256","1"
1,"pe4502","pe7351","1"
1,"pe4701","pe0101","1"
1,"pe4701","pe1601","1"
1,"pe4701","pe2401","1"
1,"pe4701","pe2601","1"
1,"pe4701","pe3301","1"
1,"pe4701","pe4801","1"
1,"pe4701","pe4901","1"
1,"pe4702","pe2602","1"
1,"pe4702","pe3102","1"
1,"pe4702","pe4802","1"
1,"pe4702","pe4902","1"
1,"pe4801","pe0505","1"
1,"pe4801","pe1601","1"
1,"pe4801","pe2601","1"
1,"pe4801","pe3301","1"
1,"pe4801","pe4901","1"
1,"pe4802","pe0101","1"
1,"pe4802","pe0502","1"
1,"pe4802","pe7007","1"
1,"pe4901","pe0502","1"
1,"pe4901","pe7007","1"
1,"pe4901","pe7025","1"
1,"pe4901","pe7444","1"
1,"pe4902","pe0101","1"
1,"pe4902","pe0501","1"
1,"pe4902","pe0502","1"
1,"pe4902","pe1101","1"
1,"pe4902","pe7007","1"
1,"pe4902","pe7025","1"
1,"pe4902","pe7426","1"
1,"pe4902","pe7433","1"
1,"pe5201","pe7156","1"
1,"pe5201","pe7237","1"
1,"pe5201","pe7316","1"
1,"pe5401","pe3402","1"
1,"pe5401","pe3901","1"
1,"pe5401","pe7166","1"
1,"pe5701","pe0401","1"
1,"pe5701","pe2301","1"
1,"pe5701","pe2502","1"
1,"pe5701","pe2702","1"
1,"pe5701","pe2802","1"
1,"pe5701","pe6102","1"
1,"pe6101","pe0101","1"
1,"pe6101","pe1705","1"
1,"pe6101","pe2701","1"
1,"pe6101","pe2801","1"
1,"pe6102","pe2101","1"
1,"pe6102","pe2701","1"
1,"pe6102","pe4501","1"
1,"pe6201","pe0502","1"
1,"pe6201","pe3206","1"
1,"pe6201","pe7211","1"
1,"pe0101","pe0301","2"
1,"pe0101","pe1601","2"
1,"pe0101","pe2401","2"
1,"pe0101","pe2701","2"
1,"pe0101","pe3901","2"
1,"pe0102","pe0502","2"
1,"pe0102","pe2402","2"
1,"pe0102","pe3102","2"
1,"pe0102","pe4801","2"
1,"pe0102","pe7060","2"
1,"pe0102","pe7060","2"
1,"pe0102","pe7287","2"
1,"pe0201","pe2902","2"
1,"pe0202","pe0102","2"
1,"pe0202","pe0302","2"
1,"pe0202","pe0801","2"
1,"pe0202","pe1602","2"
1,"pe0202","pe2202","2"
1,"pe0202","pe2301","2"
1,"pe0202","pe2902","2"
1,"pe0202","pe3802","2"
1,"pe0202","pe3901","2"
1,"pe0301","pe0201","2"
1,"pe0301","pe2701","2"
1,"pe0301","pe3801","2"
1,"pe0301","pe3802","2"
1,"pe0302","pe0201","2"
1,"pe0302","pe1602","2"
1,"pe0302","pe2902","2"
1,"pe0302","pe3803","2"
1,"pe0401","pe1701","2"
1,"pe0501","pe0101","2"
1,"pe0501","pe0601","2"
1,"pe0501","pe1601","2"
1,"pe0501","pe2401","2"
1,"pe0501","pe2601","2"
1,"pe0501","pe3701","2"
1,"pe0501","pe3901","2"
1,"pe0501","pe4802","2"
1,"pe0501","pe4901","2"
1,"pe0501","pe7082","2"
1,"pe0501","pe7099","2"
1,"pe0501","pe7182","2"
1,"pe0501","pe7246","2"
1,"pe0501","pe7300","2"
1,"pe0502","pe0101","2"
1,"pe0502","pe0601","2"
1,"pe0502","pe1001","2"
1,"pe0502","pe2401","2"
1,"pe0502","pe2402","2"
1,"pe0502","pe3101","2"
1,"pe0502","pe3901","2"
1,"pe0502","pe4901","2"
1,"pe0502","pe7007","2"
1,"pe0502","pe7101","2"
1,"pe0502","pe7414","2"
1,"pe0601","pe0101","2"
1,"pe0601","pe1001","2"
1,"pe0601","pe1302","2"
1,"pe0601","pe2002","2"
1,"pe0601","pe2401","2"
1,"pe0601","pe2701","2"
1,"pe0601","pe3201","2"
1,"pe0601","pe4501","2"
1,"pe0601","pe4901","2"
1,"pe0601","pe6101","2"
1,"pe0601","pe7061","2"
1,"pe0601","pe7102","2"
1,"pe0601","pe7405","2"
1,"pe0602","pe2002","2"
1,"pe0602","pe2402","2"
1,"pe0701","pe0201","2"
1,"pe0701","pe0301","2"
1,"pe0701","pe1101","2"
1,"pe0701","pe1201","2"
1,"pe0701","pe3401","2"
1,"pe0701","pe7360","2"
1,"pe0702","pe7435","2"
1,"pe0801","pe2402","2"
1,"pe0801","pe2602","2"
1,"pe0801","pe3502","2"
1,"pe1001","pe0101","2"
1,"pe1001","pe0601","2"
1,"pe1001","pe3501","2"
1,"pe1001","pe3502","2"
1,"pe1001","pe3504","2"
1,"pe1001","pe3510","2"
1,"pe1001","pe4301","2"
1,"pe1001","pe4501","2"
1,"pe1001","pe6101","2"
1,"pe1001","pe7057","2"
1,"pe1001","pe7187","2"
1,"pe1001","pe7329","2"
1,"pe1002","pe0602","2"
1,"pe1002","pe1302","2"
1,"pe1002","pe2002","2"
1,"pe1002","pe2602","2"
1,"pe1002","pe3502","2"
1,"pe1101","pe0701","2"
1,"pe1101","pe0702","2"
1,"pe1101","pe1201","2"
1,"pe1101","pe1202","2"
1,"pe1101","pe3401","2"
1,"pe1101","pe3402","2"
1,"pe1102","pe0502","2"
1,"pe1102","pe0702","2"
1,"pe1102","pe2402","2"
1,"pe1102","pe2602","2"
1,"pe1102","pe2802","2"
1,"pe1102","pe3402","2"
1,"pe1102","pe7081","2"
1,"pe1201","pe0701","2"
1,"pe1201","pe1101","2"
1,"pe1201","pe7015","2"
1,"pe1201","pe7169","2"
1,"pe1201","pe7194","2"
1,"pe1201","pe7204","2"
1,"pe1201","pe7237","2"
1,"pe1201","pe7361","2"
1,"pe1301","pe0301","2"
1,"pe1301","pe0601","2"
1,"pe1301","pe1001","2"
1,"pe1301","pe2001","2"
1,"pe1301","pe3201","2"
1,"pe1301","pe3205","2"
1,"pe1301","pe3206","2"
1,"pe1302","pe0602","2"
1,"pe1302","pe2002","2"
1,"pe1302","pe3206","2"
1,"pe1302","pe7243","2"
1,"pe1601","pe0101","2"
1,"pe1601","pe2001","2"
1,"pe1601","pe2301","2"
1,"pe1601","pe2401","2"
1,"pe1601","pe2401","2"
1,"pe1601","pe3901","2"
1,"pe1601","pe3904","2"
1,"pe1602","pe0302","2"
1,"pe1602","pe0601","2"
1,"pe1602","pe0602","2"
1,"pe1602","pe0801","2"
1,"pe1602","pe1302","2"
1,"pe1602","pe2002","2"
1,"pe1602","pe2402","2"
1,"pe1602","pe2602","2"
1,"pe1602","pe4802","2"
1,"pe1701","pe0101","2"
1,"pe1701","pe1703","2"
1,"pe1701","pe2701","2"
1,"pe1701","pe2801","2"
1,"pe1701","pe6101","2"
1,"pe1702","pe0101","2"
1,"pe1702","pe2401","2"
1,"pe1702","pe2701","2"
1,"pe1702","pe2801","2"
1,"pe1702","pe4701","2"
1,"pe1901","pe7027","2"
1,"pe1901","pe7180","2"
1,"pe1901","pe7245","2"
1,"pe1901","pe7432","2"
1,"pe1901","pe7502","2"
1,"pe1902","pe0401","2"
1,"pe1902","pe0602","2"
1,"pe1902","pe2002","2"
1,"pe1902","pe3901","2"
1,"pe1902","pe6102","2"
1,"pe2001","pe0602","2"
1,"pe2001","pe1001","2"
1,"pe2001","pe3201","2"
1,"pe2001","pe6101","2"
1,"pe2002","pe0602","2"
1,"pe2002","pe1002","2"
1,"pe2002","pe1302","2"
1,"pe2002","pe3201","2"
1,"pe2002","pe3502","2"
1,"pe2101","pe0601","2"
1,"pe2101","pe1901","2"
1,"pe2101","pe2701","2"
1,"pe2101","pe4501","2"
1,"pe2101","pe7312","2"
1,"pe2201","pe2801","2"
1,"pe2201","pe6101","2"
1,"pe2202","pe0102","2"
1,"pe2202","pe0202","2"
1,"pe2202","pe0502","2"
1,"pe2202","pe3702","2"
1,"pe2202","pe3901","2"
1,"pe2301","pe0102","2"
1,"pe2301","pe0801","2"
1,"pe2301","pe2402","2"
1,"pe2301","pe2702","2"
1,"pe2401","pe0301","2"
1,"pe2401","pe2701","2"
1,"pe2401","pe3301","2"
1,"pe2401","pe3901","2"
1,"pe2401","pe3904","2"
1,"pe2401","pe7253","2"
1,"pe2402","pe1602","2"
1,"pe2402","pe3502","2"
1,"pe2402","pe3901","2"
1,"pe2502","pe0401","2"
1,"pe2502","pe1001","2"
1,"pe2502","pe2701","2"
1,"pe2502","pe2702","2"
1,"pe2502","pe2801","2"
1,"pe2502","pe5701","2"
1,"pe2601","pe3301","2"
1,"pe2601","pe4801","2"
1,"pe2601","pe4901","2"
1,"pe2602","pe3102","2"
1,"pe2602","pe3302","2"
1,"pe2602","pe3901","2"
1,"pe2602","pe4802","2"
1,"pe2701","pe1701","2"
1,"pe2701","pe1703","2"
1,"pe2701","pe1705","2"
1,"pe2701","pe2501","2"
1,"pe2701","pe2801","2"
1,"pe2701","pe4501","2"
1,"pe2701","pe6101","2"
1,"pe2702","pe0401","2"
1,"pe2702","pe3303","2"
1,"pe2801","pe0401","2"
1,"pe2801","pe1705","2"
1,"pe2801","pe2701","2"
1,"pe2801","pe6101","2"
1,"pe2801","pe7206","2"
1,"pe2802","pe0401","2"
1,"pe2802","pe2502","2"
1,"pe2802","pe2702","2"
1,"pe2802","pe5701","2"
1,"pe2802","pe7019","2"
1,"pe2802","pe7148","2"
1,"pe2802","pe7389","2"
1,"pe2901","pe7133","2"
1,"pe2901","pe7317","2"
1,"pe3101","pe0101","2"
1,"pe3101","pe2001","2"
1,"pe3101","pe2701","2"
1,"pe3101","pe6101","2"
1,"pe3102","pe0102","2"
1,"pe3102","pe0502","2"
1,"pe3102","pe0801","2"
1,"pe3102","pe2602","2"
1,"pe3102","pe3502","2"
1,"pe3201","pe3206","2"
1,"pe3301","pe2601","2"
1,"pe3301","pe4801","2"
1,"pe3301","pe4901","2"
1,"pe3302","pe2602","2"
1,"pe3302","pe2701","2"
1,"pe3302","pe2702","2"
1,"pe3302","pe3502","2"
1,"pe3302","pe4702","2"
1,"pe3302","pe4902","2"
1,"pe3302","pe6102","2"
1,"pe3302","pe7209","2"
1,"pe3302","pe7385","2"
1,"pe3302","pe7409","2"
1,"pe3302","pe7419","2"
1,"pe3401","pe1101","2"
1,"pe3401","pe1201","2"
1,"pe3401","pe7171","2"
1,"pe3401","pe7188","2"
1,"pe3401","pe7376","2"
1,"pe3402","pe1102","2"
1,"pe3402","pe3802","2"
1,"pe3402","pe7344","2"
1,"pe3501","pe7143","2"
1,"pe3501","pe7143","2"
1,"pe3501","pe7149","2"
1,"pe3501","pe7160","2"
1,"pe3501","pe7210","2"
1,"pe3501","pe7216","2"
1,"pe3501","pe7275","2"
1,"pe3501","pe7382","2"
1,"pe3501","pe7430","2"
1,"pe3502","pe1002","2"
1,"pe3502","pe2402","2"
1,"pe3502","pe2602","2"
1,"pe3502","pe3901","2"
1,"pe3701","pe0502","2"
1,"pe3701","pe1705","2"
1,"pe3701","pe3206","2"
1,"pe3701","pe3304","2"
1,"pe3701","pe6201","2"
1,"pe3701","pe7070","2"
1,"pe3701","pe7235","2"
1,"pe3701","pe7365","2"
1,"pe3701","pe7420","2"
1,"pe3801","pe0201","2"
1,"pe3801","pe0202","2"
1,"pe3801","pe0301","2"
1,"pe3801","pe0302","2"
1,"pe3801","pe7012","2"
1,"pe3801","pe7083","2"
1,"pe3801","pe7127","2"
1,"pe3801","pe7391","2"
1,"pe3801","pe7394","2"
1,"pe3802","pe3201","2"
1,"pe3802","pe3402","2"
1,"pe4301","pe0701","2"
1,"pe4301","pe3101","2"
1,"pe4301","pe3301","2"
1,"pe4301","pe3510","2"
1,"pe4301","pe4901","2"
1,"pe4301","pe6101","2"
1,"pe4401","pe7029","2"
1,"pe4401","pe7170","2"
1,"pe4401","pe7213","2"
1,"pe4401","pe7369","2"
1,"pe4401","pe7508","2"
1,"pe4402","pe0702","2"
1,"pe4402","pe2602","2"
1,"pe4402","pe2702","2"
1,"pe4402","pe3302","2"
1,"pe4402","pe3901","2"
1,"pe4402","pe4302","2"
1,"pe4402","pe4902","2"
1,"pe4402","pe7051","2"
1,"pe4402","pe7094","2"
1,"pe4402","pe7094","2"
1,"pe4402","pe7097","2"
1,"pe4402","pe7273","2"
1,"pe4402","pe7327","2"
1,"pe4402","pe7412","2"
1,"pe4501","pe2701","2"
1,"pe4501","pe3301","2"
1,"pe4501","pe7031","2"
1,"pe4501","pe7115","2"
1,"pe4501","pe7321","2"
1,"pe4502","pe0401","2"
1,"pe4502","pe1902","2"
1,"pe4502","pe2602","2"
1,"pe4502","pe2702","2"
1,"pe4502","pe3302","2"
1,"pe4502","pe4802","2"
1,"pe4502","pe4902","2"
1,"pe4502","pe6102","2"
1,"pe4502","pe7111","2"
1,"pe4701","pe3304","2"
1,"pe4701","pe3305","2"
1,"pe4701","pe4903","2"
1,"pe4701","pe4904","2"
1,"pe4702","pe3102","2"
1,"pe4702","pe3402","2"
1,"pe4702","pe4802","2"
1,"pe4702","pe4902","2"
1,"pe4801","pe0505","2"
1,"pe4801","pe1601","2"
1,"pe4801","pe2601","2"
1,"pe4801","pe3301","2"
1,"pe4801","pe4901","2"
1,"pe4802","pe0101","2"
1,"pe4802","pe0502","2"
1,"pe4802","pe2401","2"
1,"pe4802","pe7007","2"
1,"pe4901","pe7007","2"
1,"pe4901","pe7161","2"
1,"pe4901","pe7401","2"
1,"pe4901","pe7414","2"
1,"pe4901","pe7422","2"
1,"pe4901","pe7444","2"
1,"pe4902","pe0101","2"
1,"pe4902","pe0501","2"
1,"pe4902","pe0502","2"
1,"pe4902","pe1101","2"
1,"pe4902","pe2702","2"
1,"pe4902","pe7065","2"
1,"pe4902","pe7224","2"
1,"pe4902","pe7260","2"
1,"pe4902","pe7265","2"
1,"pe4902","pe7271","2"
1,"pe5201","pe7156","2"
1,"pe5201","pe7237","2"
1,"pe5201","pe7316","2"
1,"pe5401","pe3402","2"
1,"pe5401","pe3901","2"
1,"pe5701","pe0401","2"
1,"pe5701","pe2301","2"
1,"pe5701","pe2502","2"
1,"pe5701","pe2702","2"
1,"pe5701","pe2802","2"
1,"pe5701","pe6102","2"
1,"pe6101","pe0101","2"
1,"pe6101","pe1705","2"
1,"pe6101","pe2701","2"
1,"pe6101","pe2801","2"
1,"pe6201","pe0502","2"
1,"pe6201","pe0505","2"
1,"pe6201","pe0515","2"
1,"pe6201","pe3206","2"
1,"pe6201","pe3304","2"
1,"pe0101","pe0301","3"
1,"pe0101","pe1601","3"
1,"pe0101","pe2401","3"
1,"pe0101","pe2701","3"
1,"pe0101","pe3901","3"
1,"pe0102","pe2402","3"
1,"pe0102","pe3102","3"
1,"pe0102","pe3301","3"
1,"pe0102","pe3901","3"
1,"pe0102","pe4902","3"
1,"pe0102","pe7246","3"
1,"pe0102","pe7300","3"
1,"pe0102","pe7364","3"
1,"pe0201","pe3802","3"
1,"pe0201","pe7197","3"
1,"pe0202","pe0302","3"
1,"pe0202","pe2902","3"
1,"pe0202","pe3802","3"
1,"pe0202","pe7352","3"
1,"pe0202","pe7387","3"
1,"pe0202","pe7440","3"
1,"pe0301","pe0101","3"
1,"pe0301","pe1601","3"
1,"pe0301","pe2701","3"
1,"pe0301","pe2902","3"
1,"pe0301","pe3801","3"
1,"pe0302","pe0202","3"
1,"pe0302","pe2902","3"
1,"pe0302","pe3802","3"
1,"pe0401","pe1706","3"
1,"pe0401","pe2801","3"
1,"pe0401","pe7225","3"
1,"pe0501","pe0101","3"
1,"pe0501","pe1601","3"
1,"pe0501","pe2401","3"
1,"pe0501","pe3701","3"
1,"pe0501","pe3901","3"
1,"pe0501","pe4802","3"
1,"pe0501","pe7082","3"
1,"pe0501","pe7300","3"
1,"pe0502","pe0102","3"
1,"pe0502","pe0801","3"
1,"pe0502","pe2301","3"
1,"pe0502","pe2402","3"
1,"pe0502","pe3702","3"
1,"pe0502","pe3901","3"
1,"pe0502","pe7090","3"
1,"pe0502","pe7192","3"
1,"pe0502","pe7257","3"
1,"pe0502","pe7298","3"
1,"pe0502","pe7341","3"
1,"pe0502","pe7388","3"
1,"pe0502","pe7392","3"
1,"pe0601","pe1302","3"
1,"pe0601","pe2002","3"
1,"pe0601","pe2401","3"
1,"pe0601","pe3201","3"
1,"pe0602","pe1302","3"
1,"pe0602","pe2002","3"
1,"pe0602","pe3201","3"
1,"pe0602","pe3901","3"
1,"pe0602","pe4902","3"
1,"pe0602","pe7113","3"
1,"pe0701","pe1101","3"
1,"pe0701","pe3401","3"
1,"pe0702","pe1102","3"
1,"pe0702","pe1202","3"
1,"pe0702","pe3402","3"
1,"pe0702","pe7192","3"
1,"pe0702","pe7435","3"
1,"pe0702","pe7439","3"
1,"pe0801","pe2402","3"
1,"pe0801","pe2402","3"
1,"pe0801","pe2601","3"
1,"pe0801","pe3901","3"
1,"pe0801","pe7270","3"
1,"pe1001","pe0101","3"
1,"pe1001","pe7141","3"
1,"pe1002","pe0602","3"
1,"pe1002","pe1302","3"
1,"pe1002","pe2002","3"
1,"pe1002","pe2402","3"
1,"pe1002","pe2602","3"
1,"pe1002","pe3502","3"
1,"pe1101","pe0702","3"
1,"pe1101","pe1202","3"
1,"pe1101","pe3402","3"
1,"pe1102","pe0101","3"
1,"pe1102","pe0501","3"
1,"pe1102","pe0702","3"
1,"pe1102","pe1202","3"
1,"pe1102","pe2401","3"
1,"pe1102","pe3402","3"
1,"pe1102","pe3901","3"
1,"pe1102","pe7081","3"
1,"pe1102","pe7347","3"
1,"pe1201","pe0701","3"
1,"pe1201","pe1101","3"
1,"pe1202","pe0702","3"
1,"pe1202","pe1102","3"
1,"pe1202","pe7119","3"
1,"pe1202","pe7250","3"
1,"pe1301","pe0601","3"
1,"pe1301","pe2001","3"
1,"pe1301","pe3201","3"
1,"pe1301","pe3205","3"
1,"pe1301","pe3206","3"
1,"pe1302","pe0602","3"
1,"pe1302","pe2002","3"
1,"pe1302","pe3201","3"
1,"pe1302","pe7054","3"
1,"pe1302","pe7243","3"
1,"pe1601","pe0101","3"
1,"pe1601","pe2001","3"
1,"pe1601","pe2301","3"
1,"pe1601","pe2401","3"
1,"pe1601","pe3901","3"
1,"pe1602","pe0102","3"
1,"pe1602","pe0202","3"
1,"pe1602","pe0302","3"
1,"pe1602","pe0801","3"
1,"pe1602","pe2301","3"
1,"pe1602","pe2402","3"
1,"pe1602","pe3901","3"
1,"pe1602","pe7329","3"
1,"pe1602","pe7348","3"
1,"pe1701","pe1703","3"
1,"pe1701","pe2701","3"
1,"pe1701","pe2801","3"
1,"pe1701","pe6101","3"
1,"pe1702","pe1101","3"
1,"pe1702","pe2701","3"
1,"pe1702","pe2801","3"
1,"pe1702","pe3701","3"
1,"pe1702","pe5701","3"
1,"pe1702","pe6101","3"
1,"pe1702","pe7227","3"
1,"pe1702","pe7249","3"
1,"pe1702","pe7262","3"
1,"pe1702","pe7268","3"
1,"pe1702","pe7338","3"
1,"pe1702","pe7353","3"
1,"pe1901","pe2701","3"
1,"pe1901","pe4501","3"
1,"pe1901","pe4901","3"
1,"pe1902","pe0401","3"
1,"pe1902","pe7044","3"
1,"pe1902","pe7245","3"
1,"pe2001","pe0602","3"
1,"pe2001","pe3201","3"
1,"pe2002","pe0602","3"
1,"pe2002","pe1302","3"
1,"pe2002","pe2402","3"
1,"pe2002","pe3201","3"
1,"pe2002","pe3502","3"
1,"pe2002","pe7047","3"
1,"pe2002","pe7234","3"
1,"pe2002","pe7269","3"
1,"pe2002","pe7302","3"
1,"pe2002","pe7308","3"
1,"pe2101","pe0601","3"
1,"pe2101","pe2401","3"
1,"pe2101","pe2701","3"
1,"pe2101","pe4501","3"
1,"pe2101","pe7312","3"
1,"pe2102","pe7330","3"
1,"pe2201","pe3701","3"
1,"pe2201","pe7039","3"
1,"pe2201","pe7106","3"
1,"pe2201","pe7368","3"
1,"pe2202","pe0102","3"
1,"pe2202","pe0202","3"
1,"pe2202","pe0502","3"
1,"pe2202","pe0801","3"
1,"pe2202","pe1102","3"
1,"pe2202","pe2402","3"
1,"pe2202","pe2902","3"
1,"pe2202","pe3102","3"
1,"pe2202","pe3702","3"
1,"pe2202","pe3901","3"
1,"pe2301","pe0801","3"
1,"pe2301","pe1602","3"
1,"pe2301","pe2402","3"
1,"pe2301","pe2702","3"
1,"pe2301","pe3502","3"
1,"pe2301","pe7206","3"
1,"pe2401","pe0101","3"
1,"pe2401","pe0301","3"
1,"pe2401","pe1601","3"
1,"pe2401","pe3801","3"
1,"pe2402","pe0102","3"
1,"pe2402","pe0502","3"
1,"pe2402","pe0801","3"
1,"pe2402","pe3901","3"
1,"pe2501","pe2801","3"
1,"pe2501","pe7032","3"
1,"pe2501","pe7105","3"
1,"pe2501","pe7137","3"
1,"pe2501","pe7179","3"
1,"pe2501","pe7179","3"
1,"pe2502","pe2701","3"
1,"pe2502","pe2801","3"
1,"pe2502","pe5701","3"
1,"pe2502","pe7002","3"
1,"pe2502","pe7020","3"
1,"pe2502","pe7032","3"
1,"pe2601","pe3301","3"
1,"pe2602","pe2402","3"
1,"pe2602","pe3302","3"
1,"pe2602","pe3501","3"
1,"pe2602","pe3502","3"
1,"pe2602","pe4702","3"
1,"pe2602","pe4802","3"
1,"pe2602","pe7040","3"
1,"pe2602","pe7050","3"
1,"pe2602","pe7121","3"
1,"pe2602","pe7158","3"
1,"pe2602","pe7303","3"
1,"pe2602","pe7371","3"
1,"pe2701","pe1701","3"
1,"pe2701","pe1703","3"
1,"pe2701","pe1705","3"
1,"pe2701","pe2501","3"
1,"pe2701","pe2801","3"
1,"pe2701","pe4501","3"
1,"pe2701","pe6101","3"
1,"pe2702","pe2802","3"
1,"pe2702","pe6102","3"
1,"pe2702","pe7229","3"
1,"pe2702","pe7266","3"
1,"pe2801","pe0401","3"
1,"pe2801","pe1705","3"
1,"pe2801","pe2502","3"
1,"pe2801","pe2701","3"
1,"pe2801","pe5701","3"
1,"pe2801","pe6101","3"
1,"pe2802","pe2502","3"
1,"pe2802","pe2702","3"
1,"pe2802","pe5701","3"
1,"pe2802","pe7283","3"
1,"pe2802","pe7291","3"
1,"pe2802","pe7332","3"
1,"pe2802","pe7340","3"
1,"pe2802","pe7343","3"
1,"pe2802","pe7363","3"
1,"pe2901","pe0301","3"
1,"pe2901","pe3801","3"
1,"pe2901","pe7317","3"
1,"pe3101","pe0101","3"
1,"pe3101","pe2701","3"
1,"pe3101","pe6101","3"
1,"pe3102","pe0102","3"
1,"pe3102","pe0502","3"
1,"pe3102","pe0801","3"
1,"pe3201","pe0602","3"
1,"pe3201","pe1301","3"
1,"pe3201","pe1701","3"
1,"pe3201","pe3206","3"
1,"pe3301","pe2601","3"
1,"pe3301","pe4401","3"
1,"pe3301","pe4701","3"
1,"pe3301","pe4801","3"
1,"pe3301","pe4901","3"
1,"pe3302","pe0401","3"
1,"pe3302","pe0502","3"
1,"pe3302","pe0602","3"
1,"pe3302","pe0702","3"
1,"pe3302","pe2002","3"
1,"pe3302","pe2301","3"
1,"pe3302","pe2402","3"
1,"pe3302","pe2602","3"
1,"pe3302","pe2701","3"
1,"pe3302","pe3201","3"
1,"pe3302","pe3402","3"
1,"pe3302","pe3502","3"
1,"pe3302","pe3901","3"
1,"pe3302","pe4702","3"
1,"pe3302","pe4902","3"
1,"pe3302","pe5401","3"
1,"pe3302","pe6102","3"
1,"pe3401","pe0701","3"
1,"pe3401","pe1101","3"
1,"pe3401","pe1201","3"
1,"pe3401","pe4401","3"
1,"pe3402","pe0702","3"
1,"pe3402","pe1102","3"
1,"pe3402","pe7142","3"
1,"pe3402","pe7288","3"
1,"pe3402","pe7344","3"
1,"pe3402","pe7415","3"
1,"pe3501","pe0601","3"
1,"pe3501","pe1001","3"
1,"pe3501","pe1301","3"
1,"pe3501","pe2001","3"
1,"pe3501","pe2402","3"
1,"pe3501","pe3101","3"
1,"pe3501","pe3510","3"
1,"pe3502","pe1002","3"
1,"pe3502","pe1302","3"
1,"pe3502","pe2002","3"
1,"pe3502","pe2402","3"
1,"pe3502","pe2702","3"
1,"pe3502","pe3201","3"
1,"pe3502","pe3901","3"
1,"pe3701","pe0502","3"
1,"pe3701","pe7235","3"
1,"pe3702","pe0502","3"
1,"pe3702","pe0801","3"
1,"pe3702","pe2002","3"
1,"pe3702","pe2202","3"
1,"pe3702","pe3901","3"
1,"pe3702","pe7235","3"
1,"pe3702","pe7441","3"
1,"pe3801","pe0202","3"
1,"pe3801","pe0302","3"
1,"pe3801","pe7012","3"
1,"pe3801","pe7083","3"
1,"pe3801","pe7394","3"
1,"pe3802","pe0202","3"
1,"pe3802","pe0302","3"
1,"pe3802","pe2902","3"
1,"pe3802","pe7012","3"
1,"pe3802","pe7083","3"
1,"pe3802","pe7094","3"
1,"pe3802","pe7233","3"
1,"pe3802","pe7394","3"
1,"pe3901","pe0101","3"
1,"pe3901","pe0501","3"
1,"pe3901","pe1601","3"
1,"pe3901","pe2401","3"
1,"pe4302","pe0401","3"
1,"pe4302","pe1702","3"
1,"pe4302","pe2602","3"
1,"pe4302","pe3302","3"
1,"pe4302","pe4702","3"
1,"pe4302","pe4802","3"
1,"pe4302","pe4902","3"
1,"pe4302","pe5701","3"
1,"pe4302","pe6002","3"
1,"pe4302","pe6102","3"
1,"pe4401","pe0101","3"
1,"pe4401","pe0501","3"
1,"pe4401","pe0601","3"
1,"pe4401","pe2401","3"
1,"pe4401","pe2601","3"
1,"pe4401","pe4301","3"
1,"pe4401","pe4501","3"
1,"pe4402","pe2602","3"
1,"pe4402","pe3302","3"
1,"pe4402","pe4302","3"
1,"pe4402","pe4502","3"
1,"pe4402","pe4902","3"
1,"pe4501","pe2701","3"
1,"pe4501","pe7031","3"
1,"pe4501","pe7098","3"
1,"pe4501","pe7115","3"
1,"pe4501","pe7305","3"
1,"pe4501","pe7321","3"
1,"pe4501","pe7451","3"
1,"pe4502","pe0801","3"
1,"pe4502","pe1902","3"
1,"pe4502","pe2102","3"
1,"pe4502","pe2602","3"
1,"pe4502","pe3302","3"
1,"pe4502","pe3901","3"
1,"pe4502","pe4402","3"
1,"pe4502","pe4802","3"
1,"pe4502","pe4902","3"
1,"pe4502","pe6102","3"
1,"pe4502","pe7009","3"
1,"pe4502","pe7021","3"
1,"pe4502","pe7174","3"
1,"pe4502","pe7323","3"
1,"pe4502","pe7362","3"
1,"pe4502","pe7397","3"
1,"pe4502","pe7416","3"
1,"pe4701","pe2601","3"
1,"pe4701","pe3301","3"
1,"pe4701","pe4801","3"
1,"pe4701","pe4902","3"
1,"pe4702","pe2602","3"
1,"pe4702","pe3302","3"
1,"pe4702","pe3402","3"
1,"pe4702","pe4802","3"
1,"pe4702","pe4902","3"
1,"pe4801","pe0505","3"
1,"pe4801","pe2601","3"
1,"pe4801","pe3301","3"
1,"pe4802","pe0101","3"
1,"pe4802","pe0502","3"
1,"pe4802","pe2401","3"
1,"pe4802","pe2602","3"
1,"pe4802","pe3302","3"
1,"pe4802","pe3702","3"
1,"pe4802","pe3901","3"
1,"pe4802","pe4702","3"
1,"pe4802","pe4902","3"
1,"pe4901","pe2601","3"
1,"pe4901","pe3303","3"
1,"pe4901","pe4701","3"
1,"pe4901","pe4801","3"
1,"pe4902","pe0101","3"
1,"pe4902","pe0501","3"
1,"pe4902","pe1101","3"
1,"pe4902","pe2602","3"
1,"pe4902","pe3302","3"
1,"pe4902","pe3901","3"
1,"pe4902","pe4701","3"
1,"pe4902","pe4801","3"
1,"pe4902","pe7193","3"
1,"pe4902","pe7341","3"
1,"pe4902","pe7433","3"
1,"pe5201","pe2601","3"
1,"pe5201","pe7237","3"
1,"pe5201","pe7316","3"
1,"pe5202","pe5401","3"
1,"pe5202","pe7217","3"
1,"pe5202","pe7366","3"
1,"pe5202","pe7449","3"
1,"pe5401","pe2502","3"
1,"pe5401","pe3201","3"
1,"pe5401","pe3802","3"
1,"pe5401","pe5202","3"
1,"pe5401","pe7043","3"
1,"pe5401","pe7294","3"
1,"pe5701","pe0401","3"
1,"pe5701","pe1702","3"
1,"pe5701","pe2502","3"
1,"pe5701","pe2702","3"
1,"pe5701","pe2802","3"
1,"pe5701","pe6102","3"
1,"pe6101","pe0101","3"
1,"pe6101","pe1703","3"
1,"pe6101","pe1705","3"
1,"pe6101","pe2701","3"
1,"pe6101","pe2801","3"
1,"pe6102","pe0801","3"
1,"pe6102","pe1901","3"
1,"pe6102","pe2701","3"
1,"pe6102","pe7406","3"
1,"pe6201","pe0502","3"
1,"pe6201","pe0505","3"
1,"pe0101","pe0301","4"
1,"pe0101","pe2401","4"
1,"pe0101","pe2701","4"
1,"pe0101","pe3901","4"
1,"pe0102","pe2402","4"
1,"pe0102","pe3102","4"
1,"pe0102","pe3301","4"
1,"pe0102","pe3901","4"
1,"pe0102","pe4902","4"
1,"pe0102","pe7246","4"
1,"pe0102","pe7300","4"
1,"pe0102","pe7364","4"
1,"pe0201","pe0301","4"
1,"pe0201","pe0302","4"
1,"pe0201","pe3802","4"
1,"pe0201","pe3803","4"
1,"pe0201","pe4101","4"
1,"pe0202","pe0302","4"
1,"pe0202","pe2902","4"
1,"pe0202","pe3802","4"
1,"pe0202","pe7352","4"
1,"pe0202","pe7387","4"
1,"pe0202","pe7440","4"
1,"pe0301","pe0201","4"
1,"pe0301","pe2401","4"
1,"pe0301","pe2701","4"
1,"pe0301","pe3801","4"
1,"pe0301","pe3802","4"
1,"pe0302","pe0202","4"
1,"pe0302","pe2902","4"
1,"pe0302","pe3802","4"
1,"pe0401","pe1706","4"
1,"pe0401","pe2801","4"
1,"pe0401","pe7225","4"
1,"pe0501","pe0101","4"
1,"pe0501","pe1601","4"
1,"pe0501","pe2401","4"
1,"pe0501","pe3701","4"
1,"pe0501","pe3901","4"
1,"pe0501","pe4802","4"
1,"pe0501","pe7082","4"
1,"pe0501","pe7300","4"
1,"pe0502","pe0102","4"
1,"pe0502","pe0801","4"
1,"pe0502","pe2301","4"
1,"pe0502","pe2402","4"
1,"pe0502","pe3702","4"
1,"pe0502","pe3901","4"
1,"pe0502","pe7090","4"
1,"pe0502","pe7192","4"
1,"pe0502","pe7257","4"
1,"pe0502","pe7298","4"
1,"pe0502","pe7341","4"
1,"pe0502","pe7388","4"
1,"pe0502","pe7392","4"
1,"pe0601","pe1302","4"
1,"pe0601","pe2002","4"
1,"pe0601","pe2401","4"
1,"pe0601","pe3201","4"
1,"pe0602","pe1302","4"
1,"pe0602","pe2002","4"
1,"pe0602","pe3201","4"
1,"pe0602","pe3901","4"
1,"pe0602","pe7113","4"
1,"pe0701","pe1101","4"
1,"pe0701","pe3401","4"
1,"pe0702","pe1102","4"
1,"pe0702","pe1202","4"
1,"pe0702","pe3402","4"
1,"pe0702","pe7192","4"
1,"pe0702","pe7435","4"
1,"pe0702","pe7439","4"
1,"pe0801","pe2402","4"
1,"pe0801","pe2402","4"
1,"pe0801","pe2601","4"
1,"pe0801","pe3901","4"
1,"pe1001","pe3501","4"
1,"pe1001","pe3502","4"
1,"pe1001","pe3504","4"
1,"pe1001","pe3510","4"
1,"pe1002","pe0602","4"
1,"pe1002","pe1302","4"
1,"pe1002","pe2002","4"
1,"pe1002","pe3502","4"
1,"pe1101","pe0702","4"
1,"pe1101","pe1202","4"
1,"pe1101","pe3402","4"
1,"pe1102","pe0702","4"
1,"pe1102","pe1202","4"
1,"pe1102","pe3402","4"
1,"pe1102","pe3901","4"
1,"pe1102","pe7081","4"
1,"pe1102","pe7347","4"
1,"pe1201","pe0701","4"
1,"pe1201","pe1101","4"
1,"pe1202","pe0702","4"
1,"pe1202","pe1102","4"
1,"pe1202","pe7119","4"
1,"pe1202","pe7250","4"
1,"pe1301","pe0601","4"
1,"pe1301","pe2001","4"
1,"pe1301","pe3201","4"
1,"pe1301","pe3205","4"
1,"pe1301","pe3206","4"
1,"pe1302","pe0602","4"
1,"pe1302","pe2002","4"
1,"pe1302","pe3201","4"
1,"pe1601","pe2001","4"
1,"pe1601","pe2301","4"
1,"pe1601","pe2401","4"
1,"pe1601","pe3901","4"
1,"pe1601","pe3904","4"
1,"pe1602","pe0102","4"
1,"pe1602","pe0202","4"
1,"pe1602","pe0302","4"
1,"pe1602","pe0801","4"
1,"pe1602","pe2301","4"
1,"pe1602","pe2402","4"
1,"pe1602","pe3901","4"
1,"pe1602","pe7329","4"
1,"pe1602","pe7348","4"
1,"pe1701","pe1703","4"
1,"pe1701","pe2701","4"
1,"pe1701","pe2801","4"
1,"pe1701","pe6101","4"
1,"pe1702","pe1101","4"
1,"pe1702","pe2701","4"
1,"pe1702","pe2801","4"
1,"pe1702","pe3701","4"
1,"pe1702","pe5701","4"
1,"pe1702","pe6101","4"
1,"pe1702","pe7227","4"
1,"pe1702","pe7249","4"
1,"pe1702","pe7262","4"
1,"pe1702","pe7268","4"
1,"pe1702","pe7338","4"
1,"pe1702","pe7353","4"
1,"pe1901","pe0201","4"
1,"pe1901","pe1001","4"
1,"pe1901","pe1301","4"
1,"pe1901","pe3510","4"
1,"pe1902","pe0401","4"
1,"pe1902","pe0602","4"
1,"pe1902","pe2002","4"
1,"pe1902","pe2502","4"
1,"pe1902","pe6102","4"
1,"pe1902","pe7044","4"
1,"pe1902","pe7198","4"
1,"pe1902","pe7245","4"
1,"pe1902","pe7307","4"
1,"pe1902","pe7418","4"
1,"pe2001","pe0602","4"
1,"pe2001","pe3201","4"
1,"pe2002","pe0602","4"
1,"pe2002","pe1302","4"
1,"pe2002","pe2402","4"
1,"pe2002","pe3201","4"
1,"pe2002","pe3502","4"
1,"pe2002","pe7047","4"
1,"pe2002","pe7234","4"
1,"pe2002","pe7269","4"
1,"pe2002","pe7302","4"
1,"pe2002","pe7308","4"
1,"pe2101","pe0601","4"
1,"pe2101","pe2401","4"
1,"pe2101","pe2701","4"
1,"pe2101","pe4501","4"
1,"pe2101","pe7312","4"
1,"pe2102","pe7330","4"
1,"pe2201","pe3701","4"
1,"pe2201","pe7039","4"
1,"pe2201","pe7106","4"
1,"pe2201","pe7368","4"
1,"pe2202","pe0102","4"
1,"pe2202","pe0202","4"
1,"pe2202","pe0502","4"
1,"pe2202","pe0801","4"
1,"pe2202","pe1102","4"
1,"pe2202","pe2402","4"
1,"pe2202","pe2902","4"
1,"pe2202","pe3102","4"
1,"pe2202","pe3702","4"
1,"pe2202","pe3901","4"
1,"pe2301","pe0801","4"
1,"pe2301","pe1602","4"
1,"pe2301","pe3502","4"
1,"pe2401","pe0101","4"
1,"pe2401","pe0301","4"
1,"pe2401","pe1601","4"
1,"pe2401","pe2901","4"
1,"pe2401","pe3801","4"
1,"pe2401","pe3901","4"
1,"pe2402","pe0102","4"
1,"pe2402","pe0502","4"
1,"pe2402","pe0801","4"
1,"pe2402","pe1602","4"
1,"pe2402","pe3901","4"
1,"pe2501","pe2801","4"
1,"pe2501","pe7032","4"
1,"pe2501","pe7179","4"
1,"pe2502","pe2701","4"
1,"pe2502","pe2801","4"
1,"pe2502","pe5701","4"
1,"pe2502","pe7002","4"
1,"pe2502","pe7020","4"
1,"pe2502","pe7032","4"
1,"pe2601","pe3301","4"
1,"pe2601","pe4901","4"
1,"pe2601","pe5201","4"
1,"pe2601","pe7063","4"
1,"pe2601","pe7073","4"
1,"pe2601","pe7156","4"
1,"pe2602","pe2402","4"
1,"pe2602","pe3302","4"
1,"pe2602","pe3501","4"
1,"pe2602","pe3502","4"
1,"pe2602","pe4702","4"
1,"pe2602","pe4802","4"
1,"pe2602","pe7040","4"
1,"pe2602","pe7050","4"
1,"pe2602","pe7121","4"
1,"pe2602","pe7158","4"
1,"pe2602","pe7303","4"
1,"pe2602","pe7371","4"
1,"pe2701","pe1701","4"
1,"pe2701","pe1703","4"
1,"pe2701","pe1705","4"
1,"pe2701","pe2501","4"
1,"pe2701","pe2801","4"
1,"pe2701","pe4501","4"
1,"pe2701","pe6101","4"
1,"pe2702","pe2802","4"
1,"pe2702","pe6102","4"
1,"pe2702","pe7229","4"
1,"pe2702","pe7266","4"
1,"pe2801","pe1702","4"
1,"pe2801","pe2701","4"
1,"pe2801","pe7016","4"
1,"pe2801","pe7203","4"
1,"pe2801","pe7206","4"
1,"pe2801","pe7241","4"
1,"pe2801","pe7290","4"
1,"pe2801","pe7395","4"
1,"pe2802","pe2502","4"
1,"pe2802","pe2702","4"
1,"pe2802","pe5701","4"
1,"pe2802","pe7283","4"
1,"pe2802","pe7291","4"
1,"pe2802","pe7332","4"
1,"pe2802","pe7340","4"
1,"pe2802","pe7343","4"
1,"pe2802","pe7363","4"
1,"pe2901","pe0301","4"
1,"pe2901","pe7317","4"
1,"pe3101","pe0101","4"
1,"pe3101","pe2001","4"
1,"pe3101","pe2701","4"
1,"pe3101","pe6101","4"
1,"pe3102","pe0102","4"
1,"pe3102","pe0502","4"
1,"pe3102","pe0801","4"
1,"pe3201","pe0602","4"
1,"pe3201","pe1301","4"
1,"pe3201","pe1701","4"
1,"pe3201","pe3206","4"
1,"pe3201","pe7183","4"
1,"pe3201","pe7352","4"
1,"pe3301","pe2601","4"
1,"pe3301","pe4401","4"
1,"pe3301","pe4701","4"
1,"pe3301","pe4801","4"
1,"pe3301","pe4901","4"
1,"pe3301","pe5201","4"
1,"pe3302","pe0401","4"
1,"pe3302","pe0502","4"
1,"pe3302","pe0602","4"
1,"pe3302","pe0702","4"
1,"pe3302","pe2002","4"
1,"pe3302","pe2301","4"
1,"pe3302","pe2402","4"
1,"pe3302","pe2602","4"
1,"pe3302","pe2701","4"
1,"pe3302","pe3201","4"
1,"pe3302","pe3402","4"
1,"pe3302","pe3502","4"
1,"pe3302","pe3901","4"
1,"pe3302","pe4702","4"
1,"pe3302","pe4902","4"
1,"pe3302","pe5401","4"
1,"pe3302","pe6102","4"
1,"pe3401","pe0701","4"
1,"pe3401","pe1101","4"
1,"pe3401","pe1201","4"
1,"pe3401","pe4401","4"
1,"pe3402","pe0702","4"
1,"pe3402","pe1102","4"
1,"pe3402","pe3301","4"
1,"pe3402","pe3901","4"
1,"pe3402","pe7142","4"
1,"pe3402","pe7288","4"
1,"pe3402","pe7344","4"
1,"pe3402","pe7415","4"
1,"pe3501","pe0601","4"
1,"pe3501","pe1001","4"
1,"pe3501","pe1301","4"
1,"pe3501","pe2001","4"
1,"pe3501","pe2402","4"
1,"pe3501","pe3101","4"
1,"pe3501","pe3510","4"
1,"pe3502","pe1002","4"
1,"pe3502","pe1302","4"
1,"pe3502","pe2002","4"
1,"pe3502","pe2402","4"
1,"pe3502","pe2702","4"
1,"pe3502","pe3201","4"
1,"pe3502","pe3901","4"
1,"pe3701","pe0502","4"
1,"pe3701","pe1705","4"
1,"pe3701","pe3206","4"
1,"pe3701","pe3304","4"
1,"pe3701","pe6201","4"
1,"pe3701","pe7235","4"
1,"pe3702","pe0502","4"
1,"pe3702","pe0801","4"
1,"pe3702","pe2002","4"
1,"pe3702","pe2202","4"
1,"pe3702","pe3901","4"
1,"pe3702","pe7441","4"
1,"pe3801","pe0202","4"
1,"pe3801","pe0302","4"
1,"pe3802","pe0202","4"
1,"pe3802","pe0302","4"
1,"pe3802","pe2902","4"
1,"pe3802","pe7012","4"
1,"pe3802","pe7083","4"
1,"pe3802","pe7094","4"
1,"pe3802","pe7233","4"
1,"pe3802","pe7394","4"
1,"pe3901","pe0101","4"
1,"pe3901","pe0501","4"
1,"pe3901","pe1601","4"
1,"pe3901","pe2401","4"
1,"pe3901","pe2902","4"
1,"pe4301","pe1702","4"
1,"pe4301","pe4401","4"
1,"pe4302","pe0401","4"
1,"pe4302","pe1702","4"
1,"pe4302","pe2602","4"
1,"pe4302","pe3302","4"
1,"pe4302","pe4702","4"
1,"pe4302","pe4802","4"
1,"pe4302","pe4902","4"
1,"pe4302","pe5701","4"
1,"pe4302","pe6002","4"
1,"pe4302","pe6102","4"
1,"pe4401","pe0101","4"
1,"pe4401","pe0601","4"
1,"pe4401","pe2601","4"
1,"pe4401","pe4301","4"
1,"pe4401","pe4501","4"
1,"pe4402","pe2602","4"
1,"pe4402","pe3302","4"
1,"pe4402","pe4302","4"
1,"pe4402","pe4502","4"
1,"pe4402","pe4902","4"
1,"pe4501","pe2701","4"
1,"pe4501","pe7031","4"
1,"pe4501","pe7098","4"
1,"pe4501","pe7115","4"
1,"pe4501","pe7305","4"
1,"pe4501","pe7321","4"
1,"pe4501","pe7451","4"
1,"pe4502","pe0801","4"
1,"pe4502","pe1902","4"
1,"pe4502","pe2102","4"
1,"pe4502","pe2602","4"
1,"pe4502","pe3302","4"
1,"pe4502","pe3901","4"
1,"pe4502","pe4402","4"
1,"pe4502","pe4802","4"
1,"pe4502","pe4902","4"
1,"pe4502","pe6102","4"
1,"pe4502","pe7009","4"
1,"pe4502","pe7021","4"
1,"pe4502","pe7174","4"
1,"pe4502","pe7323","4"
1,"pe4502","pe7362","4"
1,"pe4502","pe7397","4"
1,"pe4502","pe7416","4"
1,"pe4701","pe1601","4"
1,"pe4701","pe2401","4"
1,"pe4701","pe2601","4"
1,"pe4701","pe3301","4"
1,"pe4701","pe3901","4"
1,"pe4701","pe4801","4"
1,"pe4701","pe4902","4"
1,"pe4702","pe2602","4"
1,"pe4702","pe3302","4"
1,"pe4702","pe3402","4"
1,"pe4702","pe4802","4"
1,"pe4702","pe4902","4"
1,"pe4801","pe0505","4"
1,"pe4801","pe2601","4"
1,"pe4801","pe3301","4"
1,"pe4801","pe3901","4"
1,"pe4801","pe7193","4"
1,"pe4801","pe7246","4"
1,"pe4801","pe7380","4"
1,"pe4801","pe7433","4"
1,"pe4802","pe0101","4"
1,"pe4802","pe0502","4"
1,"pe4802","pe2401","4"
1,"pe4802","pe2602","4"
1,"pe4802","pe3302","4"
1,"pe4802","pe3702","4"
1,"pe4802","pe3901","4"
1,"pe4802","pe4702","4"
1,"pe4802","pe4902","4"
1,"pe4901","pe2601","4"
1,"pe4901","pe3303","4"
1,"pe4901","pe4701","4"
1,"pe4901","pe4801","4"
1,"pe4902","pe0101","4"
1,"pe4902","pe0501","4"
1,"pe4902","pe1101","4"
1,"pe4902","pe2602","4"
1,"pe4902","pe3302","4"
1,"pe4902","pe3901","4"
1,"pe4902","pe4701","4"
1,"pe4902","pe4801","4"
1,"pe4902","pe7193","4"
1,"pe4902","pe7341","4"
1,"pe4902","pe7433","4"
1,"pe5201","pe2601","4"
1,"pe5201","pe3901","4"
1,"pe5201","pe7092","4"
1,"pe5201","pe7237","4"
1,"pe5202","pe3802","4"
1,"pe5202","pe5401","4"
1,"pe5202","pe7167","4"
1,"pe5202","pe7217","4"
1,"pe5202","pe7218","4"
1,"pe5202","pe7314","4"
1,"pe5202","pe7350","4"
1,"pe5202","pe7366","4"
1,"pe5401","pe2502","4"
1,"pe5401","pe2601","4"
1,"pe5401","pe3201","4"
1,"pe5401","pe3802","4"
1,"pe5401","pe3901","4"
1,"pe5401","pe5202","4"
1,"pe5401","pe7030","4"
1,"pe5401","pe7043","4"
1,"pe5401","pe7237","4"
1,"pe5701","pe0401","4"
1,"pe5701","pe1702","4"
1,"pe5701","pe2502","4"
1,"pe5701","pe2702","4"
1,"pe5701","pe2802","4"
1,"pe5701","pe6102","4"
1,"pe6101","pe0101","4"
1,"pe6101","pe1703","4"
1,"pe6101","pe1705","4"
1,"pe6101","pe2701","4"
1,"pe6101","pe2801","4"
1,"pe6102","pe6002","4"
1,"pe6102","pe7406","4"
1,"pe6201","pe0502","4"
1,"pe6201","pe0505","4"
1,"pe0102","pe2202","5"
1,"pe0102","pe2301","5"
1,"pe0102","pe2402","5"
1,"pe0102","pe3102","5"
1,"pe0102","pe7364","5"
1,"pe0202","pe2902","5"
1,"pe0202","pe3802","5"
1,"pe0202","pe7352","5"
1,"pe0202","pe7440","5"
1,"pe0302","pe1102","5"
1,"pe0302","pe2502","5"
1,"pe0302","pe7394","5"
1,"pe0502","pe0102","5"
1,"pe0502","pe0801","5"
1,"pe0502","pe2301","5"
1,"pe0502","pe2402","5"
1,"pe0502","pe3702","5"
1,"pe0502","pe3901","5"
1,"pe0502","pe7090","5"
1,"pe0502","pe7192","5"
1,"pe0502","pe7257","5"
1,"pe0502","pe7298","5"
1,"pe0502","pe7341","5"
1,"pe0502","pe7388","5"
1,"pe0502","pe7392","5"
1,"pe0702","pe3403","5"
1,"pe0702","pe3404","5"
1,"pe0801","pe2402","5"
1,"pe0801","pe2402","5"
1,"pe1002","pe0602","5"
1,"pe1002","pe1302","5"
1,"pe1002","pe2002","5"
1,"pe1002","pe2402","5"
1,"pe1002","pe2602","5"
1,"pe1002","pe3502","5"
1,"pe1102","pe0702","5"
1,"pe1102","pe1202","5"
1,"pe1102","pe3402","5"
1,"pe1102","pe3901","5"
1,"pe1102","pe7081","5"
1,"pe1102","pe7347","5"
1,"pe1202","pe0702","5"
1,"pe1202","pe1102","5"
1,"pe1202","pe7119","5"
1,"pe1202","pe7250","5"
1,"pe1602","pe2402","5"
1,"pe1602","pe3301","5"
1,"pe1602","pe3302","5"
1,"pe1602","pe3902","5"
1,"pe1702","pe5701","5"
1,"pe1702","pe7227","5"
1,"pe1702","pe7262","5"
1,"pe1702","pe7268","5"
1,"pe1702","pe7338","5"
1,"pe1702","pe7353","5"
1,"pe1702","pe7410","5"
1,"pe1902","pe7044","5"
1,"pe1902","pe7418","5"
1,"pe2002","pe0602","5"
1,"pe2002","pe1002","5"
1,"pe2002","pe1302","5"
1,"pe2002","pe3201","5"
1,"pe2002","pe3502","5"
1,"pe2002","pe7269","5"
1,"pe2102","pe1302","5"
1,"pe2102","pe1902","5"
1,"pe2102","pe2002","5"
1,"pe2301","pe0102","5"
1,"pe2301","pe0801","5"
1,"pe2301","pe2402","5"
1,"pe2402","pe0102","5"
1,"pe2402","pe0502","5"
1,"pe2402","pe0801","5"
1,"pe2402","pe1602","5"
1,"pe2402","pe2602","5"
1,"pe2502","pe0401","5"
1,"pe2502","pe2802","5"
1,"pe2502","pe5701","5"
1,"pe2702","pe2602","5"
1,"pe2702","pe2802","5"
1,"pe2702","pe3302","5"
1,"pe2702","pe4902","5"
1,"pe2802","pe2502","5"
1,"pe2802","pe2702","5"
1,"pe2802","pe5701","5"
1,"pe2802","pe7291","5"
1,"pe3102","pe0602","5"
1,"pe3102","pe3502","5"
1,"pe3102","pe3901","5"
1,"pe3201","pe1301","5"
1,"pe3201","pe1701","5"
1,"pe3201","pe3206","5"
1,"pe3201","pe7183","5"
1,"pe3201","pe7352","5"
1,"pe3402","pe0702","5"
1,"pe3502","pe1002","5"
1,"pe3502","pe2402","5"
1,"pe3502","pe3901","5"
1,"pe3702","pe0805","5"
1,"pe3702","pe2203","5"
1,"pe3702","pe3902","5"
1,"pe3802","pe0202","5"
1,"pe3802","pe0302","5"
1,"pe3802","pe7281","5"
1,"pe3802","pe7326","5"
1,"pe3901","pe0101","5"
1,"pe3901","pe0501","5"
1,"pe3901","pe1601","5"
1,"pe3901","pe2401","5"
1,"pe4302","pe1702","5"
1,"pe4302","pe2602","5"
1,"pe4302","pe3302","5"
1,"pe4302","pe4702","5"
1,"pe4302","pe4802","5"
1,"pe4302","pe4902","5"
1,"pe4302","pe5701","5"
1,"pe4402","pe2602","5"
1,"pe4402","pe3302","5"
1,"pe4402","pe4302","5"
1,"pe4402","pe4502","5"
1,"pe4402","pe4902","5"
1,"pe4502","pe0801","5"
1,"pe4502","pe1902","5"
1,"pe4502","pe2102","5"
1,"pe4502","pe2602","5"
1,"pe4502","pe3302","5"
1,"pe4502","pe3901","5"
1,"pe4502","pe4402","5"
1,"pe4502","pe4802","5"
1,"pe4502","pe4902","5"
1,"pe4502","pe6102","5"
1,"pe4702","pe4802","5"
1,"pe4702","pe4902","5"
1,"pe4802","pe0101","5"
1,"pe4802","pe0102","5"
1,"pe4802","pe0502","5"
1,"pe4802","pe0801","5"
1,"pe4802","pe2402","5"
1,"pe4802","pe2602","5"
1,"pe4802","pe3302","5"
1,"pe4802","pe3901","5"
1,"pe4802","pe4702","5"
1,"pe4802","pe4902","5"
1,"pe4902","pe0501","5"
1,"pe4902","pe0502","5"
1,"pe4902","pe7007","5"
1,"pe4902","pe7025","5"
1,"pe4902","pe7129","5"
1,"pe4902","pe7192","5"
1,"pe4902","pe7193","5"
1,"pe4902","pe7426","5"
1,"pe5202","pe5401","5"
1,"pe5202","pe7350","5"
1,"pe5401","pe3802","5"
1,"pe5401","pe3901","5"
1,"pe5401","pe5202","5"
1,"pe5701","pe0401","5"
1,"pe5701","pe1702","5"
1,"pe5701","pe2502","5"
1,"pe5701","pe6102","5"
1,"pe6102","pe0501","5"
1,"pe6102","pe0801","5"
1,"pe6102","pe1902","5"
1,"pe6102","pe2101","5"
1,"pe6102","pe2301","5"
1,"pe6102","pe2402","5"
1,"pe6102","pe2502","5"
1,"pe6102","pe2602","5"
1,"pe6102","pe2701","5"
1,"pe6102","pe2702","5"
1,"pe6102","pe2801","5"
1,"pe6102","pe4502","5"
1,"pe6102","pe4802","5"
1,"pe6102","pe5701","5"
1,"pe6102","pe6002","5"
1,"pe6102","pe7406","5"
1,"pe0101","pe0301","6"
1,"pe0101","pe0601","6"
1,"pe0101","pe1001","6"
1,"pe0101","pe2401","6"
1,"pe0101","pe3510","6"
1,"pe0201","pe0301","6"
1,"pe0201","pe3803","6"
1,"pe0201","pe7197","6"
1,"pe0301","pe1001","6"
1,"pe0301","pe1301","6"
1,"pe0601","pe0101","6"
1,"pe0601","pe1001","6"
1,"pe0601","pe2401","6"
1,"pe0601","pe2701","6"
1,"pe0601","pe4501","6"
1,"pe0601","pe4901","6"
1,"pe0601","pe6101","6"
1,"pe0701","pe1201","6"
1,"pe0701","pe3401","6"
1,"pe0701","pe7360","6"
1,"pe1001","pe0601","6"
1,"pe1001","pe6101","6"
1,"pe1101","pe0701","6"
1,"pe1101","pe1201","6"
1,"pe1101","pe3401","6"
1,"pe1201","pe7015","6"
1,"pe1201","pe7169","6"
1,"pe1201","pe7237","6"
1,"pe1201","pe7361","6"
1,"pe1301","pe0301","6"
1,"pe1301","pe1001","6"
1,"pe1601","pe7033","6"
1,"pe1601","pe7172","6"
1,"pe1601","pe7173","6"
1,"pe1601","pe7259","6"
1,"pe2001","pe1001","6"
1,"pe2001","pe6101","6"
1,"pe2001","pe7259","6"
1,"pe2101","pe1301","6"
1,"pe2101","pe2701","6"
1,"pe2101","pe4504","6"
1,"pe2101","pe7312","6"
1,"pe2201","pe0101","6"
1,"pe2401","pe0101","6"
1,"pe2401","pe0301","6"
1,"pe2401","pe0505","6"
1,"pe2401","pe0601","6"
1,"pe2401","pe3301","6"
1,"pe2501","pe2801","6"
1,"pe2501","pe7105","6"
1,"pe2501","pe7179","6"
1,"pe2601","pe3301","6"
1,"pe2601","pe4801","6"
1,"pe2601","pe4901","6"
1,"pe2701","pe0101","6"
1,"pe2701","pe0201","6"
1,"pe2701","pe7118","6"
1,"pe2901","pe7085","6"
1,"pe3101","pe4301","6"
1,"pe3301","pe2601","6"
1,"pe3301","pe4401","6"
1,"pe3301","pe4801","6"
1,"pe3301","pe4901","6"
1,"pe3401","pe0701","6"
1,"pe3501","pe1001","6"
1,"pe3501","pe2402","6"
1,"pe3501","pe3510","6"
1,"pe3501","pe7057","6"
1,"pe3701","pe1705","6"
1,"pe3701","pe3206","6"
1,"pe3701","pe3304","6"
1,"pe3701","pe6201","6"
1,"pe3801","pe0201","6"
1,"pe3801","pe0301","6"
1,"pe3801","pe7127","6"
1,"pe4301","pe7125","6"
1,"pe4301","pe7185","6"
1,"pe4401","pe0501","6"
1,"pe4401","pe0601","6"
1,"pe4401","pe2401","6"
1,"pe4401","pe3301","6"
1,"pe4401","pe4901","6"
1,"pe4701","pe0402","6"
1,"pe4701","pe0403","6"
1,"pe4701","pe3304","6"
1,"pe4801","pe0505","6"
1,"pe4801","pe1601","6"
1,"pe4801","pe4901","6"
1,"pe4901","pe2601","6"
1,"pe4901","pe3303","6"
1,"pe4901","pe4701","6"
1,"pe4901","pe4801","6"
1,"pe5201","pe2601","6"
1,"pe5201","pe5301","6"
1,"pe5201","pe7237","6"
1,"pe6101","pe0101","6"
1,"pe6101","pe0601","6"
1,"pe6101","pe1001","6"
1,"pe6201","pe0505","6"
1,"pe6201","pe0515","6"
1,"pe6201","pe3206","6"
1,"pe6201","pe3304","6"
1,"pe0102","pe0202","7"
1,"pe0102","pe0502","7"
1,"pe0102","pe1602","7"
1,"pe0102","pe2202","7"
1,"pe0102","pe2301","7"
1,"pe0102","pe2402","7"
1,"pe0102","pe2902","7"
1,"pe0102","pe3102","7"
1,"pe0102","pe3702","7"
1,"pe0102","pe3901","7"
1,"pe0102","pe7078","7"
1,"pe0202","pe0102","7"
1,"pe0202","pe0302","7"
1,"pe0202","pe1003","7"
1,"pe0202","pe1102","7"
1,"pe0202","pe1202","7"
1,"pe0202","pe2002","7"
1,"pe0202","pe2202","7"
1,"pe0202","pe2402","7"
1,"pe0202","pe2902","7"
1,"pe0202","pe3201","7"
1,"pe0202","pe3302","7"
1,"pe0202","pe3802","7"
1,"pe0202","pe3901","7"
1,"pe0202","pe5401","7"
1,"pe0202","pe7352","7"
1,"pe0302","pe0801","7"
1,"pe0302","pe2402","7"
1,"pe0302","pe2902","7"
1,"pe0302","pe3502","7"
1,"pe0302","pe3802","7"
1,"pe0401","pe0801","7"
1,"pe0401","pe1701","7"
1,"pe0401","pe1902","7"
1,"pe0401","pe2301","7"
1,"pe0401","pe2701","7"
1,"pe0401","pe2801","7"
1,"pe0401","pe3502","7"
1,"pe0401","pe3901","7"
1,"pe0401","pe7027","7"
1,"pe0401","pe7120","7"
1,"pe0401","pe7203","7"
1,"pe0401","pe7206","7"
1,"pe0401","pe7225","7"
1,"pe0502","pe1902","7"
1,"pe0502","pe2602","7"
1,"pe0502","pe2702","7"
1,"pe0502","pe3502","7"
1,"pe0502","pe4502","7"
1,"pe0502","pe4902","7"
1,"pe0502","pe6102","7"
1,"pe0602","pe0101","7"
1,"pe0602","pe0501","7"
1,"pe0602","pe1302","7"
1,"pe0602","pe1601","7"
1,"pe0602","pe2002","7"
1,"pe0602","pe2401","7"
1,"pe0602","pe3201","7"
1,"pe0602","pe3901","7"
1,"pe0702","pe1102","7"
1,"pe0702","pe3402","7"
1,"pe0801","pe2601","7"
1,"pe0801","pe3901","7"
1,"pe0801","pe4501","7"
1,"pe0801","pe4502","7"
1,"pe0801","pe7270","7"
1,"pe1002","pe0602","7"
1,"pe1002","pe1302","7"
1,"pe1002","pe2002","7"
1,"pe1002","pe2402","7"
1,"pe1002","pe2602","7"
1,"pe1002","pe3502","7"
1,"pe1102","pe0502","7"
1,"pe1102","pe0602","7"
1,"pe1102","pe0702","7"
1,"pe1102","pe1202","7"
1,"pe1102","pe2402","7"
1,"pe1102","pe2602","7"
1,"pe1102","pe2702","7"
1,"pe1102","pe2802","7"
1,"pe1102","pe3402","7"
1,"pe1102","pe3802","7"
1,"pe1102","pe4902","7"
1,"pe1102","pe7081","7"
1,"pe1202","pe0101","7"
1,"pe1202","pe0501","7"
1,"pe1202","pe0801","7"
1,"pe1202","pe1102","7"
1,"pe1202","pe1601","7"
1,"pe1202","pe2401","7"
1,"pe1202","pe3502","7"
1,"pe1202","pe7119","7"
1,"pe1302","pe0602","7"
1,"pe1302","pe2002","7"
1,"pe1302","pe2402","7"
1,"pe1302","pe3502","7"
1,"pe1302","pe3901","7"
1,"pe1302","pe7243","7"
1,"pe1602","pe0102","7"
1,"pe1602","pe0502","7"
1,"pe1602","pe0801","7"
1,"pe1602","pe2002","7"
1,"pe1602","pe2402","7"
1,"pe1602","pe2602","7"
1,"pe1602","pe2902","7"
1,"pe1602","pe3302","7"
1,"pe1602","pe3901","7"
1,"pe1602","pe4702","7"
1,"pe1602","pe4802","7"
1,"pe1602","pe4902","7"
1,"pe1702","pe0401","7"
1,"pe1702","pe0702","7"
1,"pe1702","pe1102","7"
1,"pe1702","pe2701","7"
1,"pe1702","pe2801","7"
1,"pe1702","pe2802","7"
1,"pe1702","pe3402","7"
1,"pe1702","pe3901","7"
1,"pe1702","pe6102","7"
1,"pe1902","pe0102","7"
1,"pe1902","pe0602","7"
1,"pe1902","pe0801","7"
1,"pe1902","pe2002","7"
1,"pe1902","pe2301","7"
1,"pe1902","pe3201","7"
1,"pe1902","pe3901","7"
1,"pe1902","pe7245","7"
1,"pe2002","pe0602","7"
1,"pe2002","pe1002","7"
1,"pe2002","pe1302","7"
1,"pe2002","pe2301","7"
1,"pe2002","pe2402","7"
1,"pe2002","pe3201","7"
1,"pe2002","pe3502","7"
1,"pe2002","pe7269","7"
1,"pe2002","pe7280","7"
1,"pe2002","pe7302","7"
1,"pe2002","pe7356","7"
1,"pe2002","pe7386","7"
1,"pe2002","pe7406","7"
1,"pe2102","pe4502","7"
1,"pe2102","pe7330","7"
1,"pe2202","pe0102","7"
1,"pe2202","pe0502","7"
1,"pe2202","pe0602","7"
1,"pe2202","pe0801","7"
1,"pe2202","pe1102","7"
1,"pe2202","pe2902","7"
1,"pe2202","pe3102","7"
1,"pe2202","pe3201","7"
1,"pe2202","pe3502","7"
1,"pe2202","pe3702","7"
1,"pe2202","pe3901","7"
1,"pe2202","pe4102","7"
1,"pe2202","pe4802","7"
1,"pe2202","pe4902","7"
1,"pe2301","pe0502","7"
1,"pe2301","pe2402","7"
1,"pe2301","pe2702","7"
1,"pe2301","pe3402","7"
1,"pe2402","pe0202","7"
1,"pe2402","pe0502","7"
1,"pe2402","pe0515","7"
1,"pe2402","pe2602","7"
1,"pe2402","pe2902","7"
1,"pe2402","pe3502","7"
1,"pe2402","pe4902","7"
1,"pe2502","pe0401","7"
1,"pe2502","pe2701","7"
1,"pe2502","pe2801","7"
1,"pe2502","pe2802","7"
1,"pe2502","pe5701","7"
1,"pe2502","pe7002","7"
1,"pe2502","pe7020","7"
1,"pe2502","pe7032","7"
1,"pe2502","pe7254","7"
1,"pe2502","pe7358","7"
1,"pe2502","pe7429","7"
1,"pe2602","pe3301","7"
1,"pe2602","pe3302","7"
1,"pe2602","pe3501","7"
1,"pe2602","pe3502","7"
1,"pe2602","pe3901","7"
1,"pe2602","pe4702","7"
1,"pe2602","pe4802","7"
1,"pe2702","pe0401","7"
1,"pe2702","pe2301","7"
1,"pe2702","pe3302","7"
1,"pe2702","pe4902","7"
1,"pe2702","pe7266","7"
1,"pe2802","pe0401","7"
1,"pe2802","pe1702","7"
1,"pe2802","pe7199","7"
1,"pe2802","pe7206","7"
1,"pe3102","pe0102","7"
1,"pe3102","pe0502","7"
1,"pe3102","pe0602","7"
1,"pe3102","pe0801","7"
1,"pe3102","pe2602","7"
1,"pe3102","pe3502","7"
1,"pe3102","pe3901","7"
1,"pe3102","pe4901","7"
1,"pe3201","pe0102","7"
1,"pe3201","pe0202","7"
1,"pe3201","pe0302","7"
1,"pe3201","pe0502","7"
1,"pe3201","pe0602","7"
1,"pe3201","pe0602","7"
1,"pe3201","pe0801","7"
1,"pe3201","pe1001","7"
1,"pe3201","pe1301","7"
1,"pe3201","pe1302","7"
1,"pe3201","pe1701","7"
1,"pe3201","pe1902","7"
1,"pe3201","pe2002","7"
1,"pe3201","pe2301","7"
1,"pe3201","pe2602","7"
1,"pe3201","pe2902","7"
1,"pe3201","pe3206","7"
1,"pe3201","pe3502","7"
1,"pe3201","pe3802","7"
1,"pe3201","pe3901","7"
1,"pe3201","pe4302","7"
1,"pe3201","pe4402","7"
1,"pe3201","pe7081","7"
1,"pe3201","pe7163","7"
1,"pe3201","pe7183","7"
1,"pe3201","pe7352","7"
1,"pe3201","pe7400","7"
1,"pe3302","pe0401","7"
1,"pe3302","pe0502","7"
1,"pe3302","pe0602","7"
1,"pe3302","pe0702","7"
1,"pe3302","pe2002","7"
1,"pe3302","pe2301","7"
1,"pe3302","pe2402","7"
1,"pe3302","pe2602","7"
1,"pe3302","pe2701","7"
1,"pe3302","pe3201","7"
1,"pe3302","pe3402","7"
1,"pe3302","pe3502","7"
1,"pe3302","pe3901","7"
1,"pe3302","pe4702","7"
1,"pe3302","pe4902","7"
1,"pe3302","pe5401","7"
1,"pe3302","pe6102","7"
1,"pe3302","pe7017","7"
1,"pe3302","pe7094","7"
1,"pe3302","pe7208","7"
1,"pe3302","pe7301","7"
1,"pe3302","pe7423","7"
1,"pe3402","pe0502","7"
1,"pe3402","pe0801","7"
1,"pe3402","pe1102","7"
1,"pe3402","pe2402","7"
1,"pe3402","pe2602","7"
1,"pe3402","pe2902","7"
1,"pe3402","pe3301","7"
1,"pe3402","pe3802","7"
1,"pe3402","pe3901","7"
1,"pe3402","pe4802","7"
1,"pe3402","pe4902","7"
1,"pe3402","pe5401","7"
1,"pe3502","pe1002","7"
1,"pe3502","pe1302","7"
1,"pe3502","pe2002","7"
1,"pe3502","pe2402","7"
1,"pe3502","pe2602","7"
1,"pe3502","pe2702","7"
1,"pe3502","pe2702","7"
1,"pe3502","pe2802","7"
1,"pe3502","pe3201","7"
1,"pe3502","pe3302","7"
1,"pe3502","pe3901","7"
1,"pe3502","pe4302","7"
1,"pe3502","pe4402","7"
1,"pe3502","pe4902","7"
1,"pe3702","pe2002","7"
1,"pe3702","pe2202","7"
1,"pe3702","pe4702","7"
1,"pe3702","pe4802","7"
1,"pe3802","pe5401","7"
1,"pe3802","pe7282","7"
1,"pe3901","pe0101","7"
1,"pe3901","pe0302","7"
1,"pe3901","pe0302","7"
1,"pe3901","pe0501","7"
1,"pe3901","pe1601","7"
1,"pe3901","pe2401","7"
1,"pe3901","pe2902","7"
1,"pe4302","pe2602","7"
1,"pe4302","pe3302","7"
1,"pe4302","pe4702","7"
1,"pe4302","pe4802","7"
1,"pe4302","pe4902","7"
1,"pe4402","pe0401","7"
1,"pe4402","pe0602","7"
1,"pe4402","pe0702","7"
1,"pe4402","pe0801","7"
1,"pe4402","pe2301","7"
1,"pe4402","pe2402","7"
1,"pe4402","pe2502","7"
1,"pe4402","pe2602","7"
1,"pe4402","pe2702","7"
1,"pe4402","pe3201","7"
1,"pe4402","pe3302","7"
1,"pe4402","pe3502","7"
1,"pe4402","pe3802","7"
1,"pe4402","pe3901","7"
1,"pe4402","pe4302","7"
1,"pe4402","pe4502","7"
1,"pe4402","pe4702","7"
1,"pe4402","pe4902","7"
1,"pe4502","pe0602","7"
1,"pe4502","pe0801","7"
1,"pe4502","pe2002","7"
1,"pe4502","pe2202","7"
1,"pe4502","pe2402","7"
1,"pe4502","pe2702","7"
1,"pe4502","pe4302","7"
1,"pe4502","pe4402","7"
1,"pe4502","pe5401","7"
1,"pe4502","pe7023","7"
1,"pe4502","pe7041","7"
1,"pe4502","pe7041","7"
1,"pe4502","pe7064","7"
1,"pe4502","pe7111","7"
1,"pe4502","pe7147","7"
1,"pe4502","pe7192","7"
1,"pe4502","pe7337","7"
1,"pe4502","pe7342","7"
1,"pe4702","pe0102","7"
1,"pe4702","pe0502","7"
1,"pe4702","pe0602","7"
1,"pe4702","pe0801","7"
1,"pe4702","pe2301","7"
1,"pe4702","pe2402","7"
1,"pe4702","pe2602","7"
1,"pe4702","pe3402","7"
1,"pe4702","pe3901","7"
1,"pe4702","pe4802","7"
1,"pe4702","pe4902","7"
1,"pe4802","pe0401","7"
1,"pe4802","pe0502","7"
1,"pe4802","pe0602","7"
1,"pe4802","pe0801","7"
1,"pe4802","pe1602","7"
1,"pe4802","pe1702","7"
1,"pe4802","pe2202","7"
1,"pe4802","pe2301","7"
1,"pe4802","pe2402","7"
1,"pe4802","pe2602","7"
1,"pe4802","pe3302","7"
1,"pe4802","pe3901","7"
1,"pe4802","pe4702","7"
1,"pe4802","pe4902","7"
1,"pe4902","pe0101","7"
1,"pe4902","pe0501","7"
1,"pe4902","pe1101","7"
1,"pe4902","pe2601","7"
1,"pe4902","pe2701","7"
1,"pe4902","pe2702","7"
1,"pe4902","pe3301","7"
1,"pe4902","pe3901","7"
1,"pe4902","pe4301","7"
1,"pe4902","pe7090","7"
1,"pe4902","pe7192","7"
1,"pe4902","pe7251","7"
1,"pe5202","pe3201","7"
1,"pe5401","pe2502","7"
1,"pe5401","pe3201","7"
1,"pe5401","pe3402","7"
1,"pe5401","pe3802","7"
1,"pe5401","pe3901","7"
1,"pe5701","pe0401","7"
1,"pe5701","pe1702","7"
1,"pe5701","pe2502","7"
1,"pe5701","pe2702","7"
1,"pe5701","pe2802","7"
1,"pe5701","pe6102","7"
1,"pe0101","pe2401","8"
1,"pe0101","pe2701","8"
1,"pe0201","pe7056","8"
1,"pe0301","pe0101","8"
1,"pe0301","pe2401","8"
1,"pe0301","pe2701","8"
1,"pe0301","pe3904","8"
1,"pe0501","pe0101","8"
1,"pe0501","pe0601","8"
1,"pe0501","pe2401","8"
1,"pe0501","pe2601","8"
1,"pe0501","pe2701","8"
1,"pe0501","pe4901","8"
1,"pe0601","pe0101","8"
1,"pe0601","pe1001","8"
1,"pe0601","pe2401","8"
1,"pe0601","pe2701","8"
1,"pe0601","pe4501","8"
1,"pe0601","pe4901","8"
1,"pe0601","pe6101","8"
1,"pe0701","pe0201","8"
1,"pe0701","pe0301","8"
1,"pe0701","pe1101","8"
1,"pe0701","pe1201","8"
1,"pe0701","pe3401","8"
1,"pe1001","pe4301","8"
1,"pe1001","pe4501","8"
1,"pe1201","pe1101","8"
1,"pe1201","pe7015","8"
1,"pe1201","pe7169","8"
1,"pe1201","pe7237","8"
1,"pe1201","pe7361","8"
1,"pe1301","pe0301","8"
1,"pe1301","pe0601","8"
1,"pe1301","pe1001","8"
1,"pe1301","pe2001","8"
1,"pe1301","pe3201","8"
1,"pe1301","pe3205","8"
1,"pe1301","pe3206","8"
1,"pe1601","pe0101","8"
1,"pe1601","pe2001","8"
1,"pe1601","pe2401","8"
1,"pe1601","pe3904","8"
1,"pe1701","pe1703","8"
1,"pe1701","pe2701","8"
1,"pe1701","pe2801","8"
1,"pe1701","pe6101","8"
1,"pe1901","pe0201","8"
1,"pe1901","pe1001","8"
1,"pe1901","pe1301","8"
1,"pe1901","pe2001","8"
1,"pe1901","pe2701","8"
1,"pe1901","pe4501","8"
1,"pe2001","pe0602","8"
1,"pe2001","pe1001","8"
1,"pe2001","pe6101","8"
1,"pe2101","pe0601","8"
1,"pe2101","pe1301","8"
1,"pe2101","pe1901","8"
1,"pe2201","pe2701","8"
1,"pe2201","pe3301","8"
1,"pe2201","pe4301","8"
1,"pe2201","pe6101","8"
1,"pe2401","pe0301","8"
1,"pe2401","pe3904","8"
1,"pe2501","pe2801","8"
1,"pe2501","pe7105","8"
1,"pe2501","pe7137","8"
1,"pe2501","pe7179","8"
1,"pe2501","pe7179","8"
1,"pe2701","pe0402","8"
1,"pe2701","pe1001","8"
1,"pe2701","pe2801","8"
1,"pe2701","pe4501","8"
1,"pe2801","pe2701","8"
1,"pe2801","pe6101","8"
1,"pe2801","pe7241","8"
1,"pe2901","pe7133","8"
1,"pe2901","pe7317","8"
1,"pe3101","pe0601","8"
1,"pe3101","pe2701","8"
1,"pe3101","pe6101","8"
1,"pe3301","pe2601","8"
1,"pe3301","pe4401","8"
1,"pe3301","pe4501","8"
1,"pe3301","pe4801","8"
1,"pe3301","pe4901","8"
1,"pe3501","pe1001","8"
1,"pe3501","pe1003","8"
1,"pe3501","pe1301","8"
1,"pe3501","pe2001","8"
1,"pe3501","pe3101","8"
1,"pe3501","pe3101","8"
1,"pe3501","pe3205","8"
1,"pe3501","pe3510","8"
1,"pe3501","pe7057","8"
1,"pe3701","pe1705","8"
1,"pe3701","pe3206","8"
1,"pe3701","pe3304","8"
1,"pe3701","pe6201","8"
1,"pe3801","pe0201","8"
1,"pe3801","pe0301","8"
1,"pe3801","pe7127","8"
1,"pe4401","pe2601","8"
1,"pe4401","pe3301","8"
1,"pe4401","pe4701","8"
1,"pe4401","pe4801","8"
1,"pe4401","pe4901","8"
1,"pe4501","pe0101","8"
1,"pe4501","pe2401","8"
1,"pe4501","pe2701","8"
1,"pe4501","pe3301","8"
1,"pe4701","pe3304","8"
1,"pe4701","pe4403","8"
1,"pe4801","pe2601","8"
1,"pe4801","pe3301","8"
1,"pe4801","pe4701","8"
1,"pe4801","pe4901","8"
1,"pe4801","pe4903","8"
1,"pe4801","pe4904","8"
1,"pe4901","pe2601","8"
1,"pe4901","pe3303","8"
1,"pe4901","pe4701","8"
1,"pe4901","pe4801","8"
1,"pe5201","pe7237","8"
1,"pe6101","pe0601","8"
1,"pe6101","pe2701","8"
1,"pe6101","pe2801","8"
1,"pe6201","pe0505","8"
1,"pe6201","pe0515","8"
1,"pe0201","pe7391","9"
1,"pe0202","pe7391","9"
1,"pe0302","pe7391","9"
1,"pe0401","pe7304","9"
1,"pe0401","pe7333","9"
1,"pe0501","pe7226","9"
1,"pe0501","pe7391","9"
1,"pe0601","pe7456","9"
1,"pe0701","pe7391","9"
1,"pe0701","pe7457","9"
1,"pe0702","pe7048","9"
1,"pe0702","pe7367","9"
1,"pe0801","pe7391","9"
1,"pe1001","pe7087","9"
1,"pe1101","pe7391","9"
1,"pe1201","pe7066","9"
1,"pe1301","pe7391","9"
1,"pe1601","pe7391","9"
1,"pe1601","pe7421","9"
1,"pe1602","pe7018","9"
1,"pe1602","pe7118","9"
1,"pe1602","pe7339","9"
1,"pe1701","pe7391","9"
1,"pe1702","pe7003","9"
1,"pe1702","pe7175","9"
1,"pe1702","pe7239","9"
1,"pe1901","pe7391","9"
1,"pe1902","pe7455","9"
1,"pe2001","pe7391","9"
1,"pe2102","pe7067","9"
1,"pe2201","pe7391","9"
1,"pe2202","pe7022","9"
1,"pe2202","pe7037","9"
1,"pe2202","pe7103","9"
1,"pe2401","pe7010","9"
1,"pe2401","pe7391","9"
1,"pe2501","pe7399","9"
1,"pe2601","pe7304","9"
1,"pe2601","pe7463","9"
1,"pe2602","pe7037","9"
1,"pe2602","pe7304","9"
1,"pe2701","pe7066","9"
1,"pe2701","pe7304","9"
1,"pe2701","pe7391","9"
1,"pe2701","pe7461","9"
1,"pe2701","pe7465","9"
1,"pe2702","pe7304","9"
1,"pe2702","pe7391","9"
1,"pe2801","pe7391","9"
1,"pe2801","pe7458","9"
1,"pe2802","pe7297","9"
1,"pe2802","pe7304","9"
1,"pe2802","pe7391","9"
1,"pe2901","pe7391","9"
1,"pe3101","pe7304","9"
1,"pe3101","pe7391","9"
1,"pe3201","pe7004","9"
1,"pe3201","pe7071","9"
1,"pe3201","pe7304","9"
1,"pe3201","pe7454","9"
1,"pe3301","pe7464","9"
1,"pe3402","pe7263","9"
1,"pe3402","pe7367","9"
1,"pe3501","pe7304","9"
1,"pe3501","pe7459","9"
1,"pe3501","pe7460","9"
1,"pe3502","pe7261","9"
1,"pe3502","pe7304","9"
1,"pe3701","pe7420","9"
1,"pe3702","pe7059","9"
1,"pe3702","pe7322","9"
1,"pe3801","pe7391","9"
1,"pe3802","pe7391","9"
1,"pe4301","pe7134","9"
1,"pe4301","pe7391","9"
1,"pe4401","pe7391","9"
1,"pe4402","pe7104","9"
1,"pe4402","pe7126","9"
1,"pe4402","pe7304","9"
1,"pe4502","pe7100","9"
1,"pe4502","pe7304","9"
1,"pe4702","pe7013","9"
1,"pe4702","pe7079","9"
1,"pe4702","pe7304","9"
1,"pe4901","pe7304","9"
1,"pe4901","pe7462","9"
1,"pe4901","pe7466","9"
1,"pe5401","pe7043","9"
1,"pe5401","pe7068","9"
1,"pe5701","pe7391","9"
1,"pe0101","pe7470","10"
1,"pe0201","pe7311","10"
1,"pe0202","pe0501","10"
1,"pe0202","pe0701","10"
1,"pe0301","pe7475","10"
1,"pe0401","pe7069","10"
1,"pe0501","pe7014","10"
1,"pe0501","pe7473","10"
1,"pe1001","pe7476","10"
1,"pe1101","pe7467","10"
1,"pe1601","pe7477","10"
1,"pe1901","pe7482","10"
1,"pe2102","pe7500","10"
1,"pe2201","pe7472","10"
1,"pe2401","pe7481","10"
1,"pe2501","pe7469","10"
1,"pe2502","pe7489","10"
1,"pe2601","pe7471","10"
1,"pe2602","pe7490","10"
1,"pe2701","pe7485","10"
1,"pe2801","pe0501","10"
1,"pe2802","pe7494","10"
1,"pe3201","pe0601","10"
1,"pe3301","pe7295","10"
1,"pe3301","pe7474","10"
1,"pe3302","pe7138","10"
1,"pe3302","pe7238","10"
1,"pe3302","pe7385","10"
1,"pe3302","pe7492","10"
1,"pe3401","pe7479","10"
1,"pe3402","pe7496","10"
1,"pe3501","pe7478","10"
1,"pe3502","pe7495","10"
1,"pe3701","pe7070","10"
1,"pe3702","pe7077","10"
1,"pe4301","pe7135","10"
1,"pe4301","pe7408","10"
1,"pe4301","pe7484","10"
1,"pe4401","pe7029","10"
1,"pe4401","pe7170","10"
1,"pe4401","pe7369","10"
1,"pe4401","pe7442","10"
1,"pe4402","pe7499","10"
1,"pe4501","pe7368","10"
1,"pe4501","pe7468","10"
1,"pe4502","pe7501","10"
1,"pe4702","pe7491","10"
1,"pe4801","pe7486","10"
1,"pe4802","pe7493","10"
1,"pe4901","pe7480","10"
1,"pe4902","pe7498","10"
1,"pe5201","pe7483","10"
1,"pe5202","pe7077","10"
1,"pe5202","pe7497","10"
1,"pe5401","pe7215","10"
1,"pe5401","pe7488","10"
1,"pe5701","pe7487","10"
1,"pe0101","pe7005","11"
1,"pe0101","pe7076","11"
1,"pe0101","pe7182","11"
1,"pe0102","pe7152","11"
1,"pe0102","pe7221","11"
1,"pe0102","pe7228","11"
1,"pe0201","pe4101","11"
1,"pe0201","pe7197","11"
1,"pe0201","pe7207","11"
1,"pe0202","pe3302","11"
1,"pe0202","pe7075","11"
1,"pe0202","pe7130","11"
1,"pe0202","pe7324","11"
1,"pe0301","pe7131","11"
1,"pe0301","pe7171","11"
1,"pe0301","pe7289","11"
1,"pe0301","pe7376","11"
1,"pe0302","pe7055","11"
1,"pe0302","pe7080","11"
1,"pe0302","pe7146","11"
1,"pe0302","pe7379","11"
1,"pe0302","pe7507","11"
1,"pe0401","pe7027","11"
1,"pe0401","pe7069","11"
1,"pe0401","pe7120","11"
1,"pe0401","pe7203","11"
1,"pe0401","pe7206","11"
1,"pe0401","pe7225","11"
1,"pe0401","pe7306","11"
1,"pe0401","pe7333","11"
1,"pe0501","pe7007","11"
1,"pe0501","pe7082","11"
1,"pe0501","pe7099","11"
1,"pe0501","pe7182","11"
1,"pe0501","pe7246","11"
1,"pe0501","pe7300","11"
1,"pe0502","pe7444","11"
1,"pe0502","pe7504","11"
1,"pe0601","pe7061","11"
1,"pe0601","pe7102","11"
1,"pe0601","pe7405","11"
1,"pe0602","pe2002","11"
1,"pe0602","pe2402","11"
1,"pe0602","pe7300","11"
1,"pe0701","pe7168","11"
1,"pe0701","pe7192","11"
1,"pe0701","pe7205","11"
1,"pe0701","pe7453","11"
1,"pe0702","pe7058","11"
1,"pe0702","pe7088","11"
1,"pe0702","pe7192","11"
1,"pe0702","pe7367","11"
1,"pe0702","pe7373","11"
1,"pe0702","pe7383","11"
1,"pe0702","pe7435","11"
1,"pe0702","pe7439","11"
1,"pe0702","pe7443","11"
1,"pe0801","pe7232","11"
1,"pe0801","pe7279","11"
1,"pe0801","pe7334","11"
1,"pe0801","pe7372","11"
1,"pe0801","pe7384","11"
1,"pe1001","pe7057","11"
1,"pe1001","pe7141","11"
1,"pe1001","pe7187","11"
1,"pe1001","pe7329","11"
1,"pe1002","pe7074","11"
1,"pe1002","pe7110","11"
1,"pe1101","pe7282","11"
1,"pe1101","pe7347","11"
1,"pe1101","pe7355","11"
1,"pe1102","pe7081","11"
1,"pe1102","pe7091","11"
1,"pe1102","pe7327","11"
1,"pe1102","pe7347","11"
1,"pe1201","pe7194","11"
1,"pe1201","pe7204","11"
1,"pe1202","pe7089","11"
1,"pe1202","pe7119","11"
1,"pe1202","pe7250","11"
1,"pe1202","pe7276","11"
1,"pe1202","pe7310","11"
1,"pe1202","pe7411","11"
1,"pe1301","pe7024","11"
1,"pe1301","pe7244","11"
1,"pe1302","pe7054","11"
1,"pe1302","pe7132","11"
1,"pe1302","pe7230","11"
1,"pe1302","pe7243","11"
1,"pe1302","pe7335","11"
1,"pe1302","pe7374","11"
1,"pe1601","pe7246","11"
1,"pe1601","pe7300","11"
1,"pe1602","pe7117","11"
1,"pe1602","pe7117","11"
1,"pe1602","pe7177","11"
1,"pe1602","pe7252","11"
1,"pe1602","pe7329","11"
1,"pe1602","pe7348","11"
1,"pe1602","pe7354","11"
1,"pe1602","pe7407","11"
1,"pe1602","pe7428","11"
1,"pe1602","pe7436","11"
1,"pe1602","pe7450","11"
1,"pe1701","pe7184","11"
1,"pe1701","pe7202","11"
1,"pe1702","pe7164","11"
1,"pe1702","pe7268","11"
1,"pe1702","pe7377","11"
1,"pe1702","pe7413","11"
1,"pe1901","pe7027","11"
1,"pe1901","pe7180","11"
1,"pe1901","pe7245","11"
1,"pe1901","pe7432","11"
1,"pe1901","pe7502","11"
1,"pe1902","pe7044","11"
1,"pe1902","pe7157","11"
1,"pe1902","pe7164","11"
1,"pe1902","pe7198","11"
1,"pe1902","pe7245","11"
1,"pe1902","pe7307","11"
1,"pe1902","pe7418","11"
1,"pe2001","pe7116","11"
1,"pe2001","pe7313","11"
1,"pe2001","pe7318","11"
1,"pe2002","pe7114","11"
1,"pe2002","pe7234","11"
1,"pe2002","pe7269","11"
1,"pe2002","pe7356","11"
1,"pe2002","pe7386","11"
1,"pe2002","pe7406","11"
1,"pe2101","pe7036","11"
1,"pe2101","pe7219","11"
1,"pe2101","pe7312","11"
1,"pe2101","pe7345","11"
1,"pe2102","pe7053","11"
1,"pe2102","pe7293","11"
1,"pe2102","pe7330","11"
1,"pe2201","pe7039","11"
1,"pe2201","pe7106","11"
1,"pe2201","pe7107","11"
1,"pe2201","pe7144","11"
1,"pe2201","pe7417","11"
1,"pe2202","pe7022","11"
1,"pe2202","pe7037","11"
1,"pe2202","pe7103","11"
1,"pe2301","pe7200","11"
1,"pe2401","pe7076","11"
1,"pe2401","pe7182","11"
1,"pe2401","pe7231","11"
1,"pe2401","pe7253","11"
1,"pe2402","pe7057","11"
1,"pe2402","pe7141","11"
1,"pe2402","pe7277","11"
1,"pe2402","pe7278","11"
1,"pe2402","pe7303","11"
1,"pe2402","pe7331","11"
1,"pe2501","pe7032","11"
1,"pe2501","pe7105","11"
1,"pe2501","pe7179","11"
1,"pe2501","pe7179","11"
1,"pe2501","pe7240","11"
1,"pe2501","pe7315","11"
1,"pe2501","pe7427","11"
1,"pe2501","pe7437","11"
1,"pe2501","pe7446","11"
1,"pe2502","pe2802","11"
1,"pe2502","pe7002","11"
1,"pe2502","pe7020","11"
1,"pe2502","pe7032","11"
1,"pe2502","pe7254","11"
1,"pe2502","pe7290","11"
1,"pe2502","pe7358","11"
1,"pe2502","pe7429","11"
1,"pe2601","pe7063","11"
1,"pe2601","pe7073","11"
1,"pe2601","pe7109","11"
1,"pe2601","pe7153","11"
1,"pe2601","pe7156","11"
1,"pe2601","pe7191","11"
1,"pe2601","pe7242","11"
1,"pe2601","pe7270","11"
1,"pe2601","pe7279","11"
1,"pe2601","pe7398","11"
1,"pe2601","pe7438","11"
1,"pe2701","pe7019","11"
1,"pe2701","pe7096","11"
1,"pe2701","pe7176","11"
1,"pe2701","pe7199","11"
1,"pe2701","pe7247","11"
1,"pe2701","pe7284","11"
1,"pe2701","pe7379","11"
1,"pe2702","pe7046","11"
1,"pe2702","pe7200","11"
1,"pe2702","pe7229","11"
1,"pe2702","pe7266","11"
1,"pe2702","pe7434","11"
1,"pe2702","pe7505","11"
1,"pe2801","pe7016","11"
1,"pe2801","pe7019","11"
1,"pe2801","pe7203","11"
1,"pe2801","pe7241","11"
1,"pe2801","pe7284","11"
1,"pe2801","pe7290","11"
1,"pe2801","pe7379","11"
1,"pe2801","pe7395","11"
1,"pe2801","pe7396","11"
1,"pe2802","pe7045","11"
1,"pe2802","pe7199","11"
1,"pe2802","pe7206","11"
1,"pe2802","pe7283","11"
1,"pe2802","pe7291","11"
1,"pe2802","pe7332","11"
1,"pe2802","pe7340","11"
1,"pe2802","pe7343","11"
1,"pe2802","pe7363","11"
1,"pe2802","pe7448","11"
1,"pe2901","pe7026","11"
1,"pe2901","pe7085","11"
1,"pe2901","pe7122","11"
1,"pe2901","pe7241","11"
1,"pe2901","pe7317","11"
1,"pe3101","pe2001","11"
1,"pe3102","pe7149","11"
1,"pe3102","pe7201","11"
1,"pe3102","pe7232","11"
1,"pe3102","pe7255","11"
1,"pe3201","pe1301","11"
1,"pe3201","pe1701","11"
1,"pe3201","pe7028","11"
1,"pe3201","pe7081","11"
1,"pe3201","pe7163","11"
1,"pe3201","pe7183","11"
1,"pe3201","pe7183","11"
1,"pe3201","pe7220","11"
1,"pe3201","pe7248","11"
1,"pe3201","pe7352","11"
1,"pe3201","pe7400","11"
1,"pe3301","pe7001","11"
1,"pe3301","pe7117","11"
1,"pe3301","pe7151","11"
1,"pe3301","pe7165","11"
1,"pe3301","pe7295","11"
1,"pe3301","pe7309","11"
1,"pe3301","pe7359","11"
1,"pe3301","pe7378","11"
1,"pe3302","pe7017","11"
1,"pe3302","pe7042","11"
1,"pe3302","pe7086","11"
1,"pe3302","pe7094","11"
1,"pe3302","pe7108","11"
1,"pe3302","pe7112","11"
1,"pe3302","pe7128","11"
1,"pe3302","pe7138","11"
1,"pe3302","pe7162","11"
1,"pe3302","pe7178","11"
1,"pe3302","pe7190","11"
1,"pe3302","pe7208","11"
1,"pe3302","pe7209","11"
1,"pe3302","pe7301","11"
1,"pe3302","pe7346","11"
1,"pe3302","pe7409","11"
1,"pe3302","pe7419","11"
1,"pe3302","pe7423","11"
1,"pe3302","pe7447","11"
1,"pe3401","pe7171","11"
1,"pe3401","pe7188","11"
1,"pe3401","pe7376","11"
1,"pe3402","pe7142","11"
1,"pe3402","pe7263","11"
1,"pe3402","pe7288","11"
1,"pe3402","pe7344","11"
1,"pe3402","pe7367","11"
1,"pe3402","pe7415","11"
1,"pe3501","pe7057","11"
1,"pe3501","pe7141","11"
1,"pe3501","pe7143","11"
1,"pe3501","pe7143","11"
1,"pe3501","pe7149","11"
1,"pe3501","pe7160","11"
1,"pe3501","pe7210","11"
1,"pe3501","pe7216","11"
1,"pe3501","pe7275","11"
1,"pe3501","pe7382","11"
1,"pe3501","pe7430","11"
1,"pe3502","pe7052","11"
1,"pe3502","pe7150","11"
1,"pe3502","pe7158","11"
1,"pe3502","pe7189","11"
1,"pe3502","pe7216","11"
1,"pe3502","pe7274","11"
1,"pe3502","pe7303","11"
1,"pe3502","pe7370","11"
1,"pe3502","pe7386","11"
1,"pe3502","pe7452","11"
1,"pe3701","pe7235","11"
1,"pe3701","pe7365","11"
1,"pe3702","pe7059","11"
1,"pe3702","pe7200","11"
1,"pe3702","pe7510","11"
1,"pe3801","pe7012","11"
1,"pe3801","pe7083","11"
1,"pe3801","pe7127","11"
1,"pe3801","pe7394","11"
1,"pe3802","pe7094","11"
1,"pe3802","pe7223","11"
1,"pe3802","pe7352","11"
1,"pe3901","pe7271","11"
1,"pe4301","pe7035","11"
1,"pe4301","pe7154","11"
1,"pe4401","pe7035","11"
1,"pe4401","pe7213","11"
1,"pe4401","pe7508","11"
1,"pe4402","pe7051","11"
1,"pe4402","pe7094","11"
1,"pe4402","pe7094","11"
1,"pe4402","pe7097","11"
1,"pe4402","pe7104","11"
1,"pe4402","pe7126","11"
1,"pe4402","pe7273","11"
1,"pe4402","pe7327","11"
1,"pe4402","pe7412","11"
1,"pe4501","pe7031","11"
1,"pe4501","pe7098","11"
1,"pe4501","pe7115","11"
1,"pe4501","pe7305","11"
1,"pe4501","pe7321","11"
1,"pe4501","pe7390","11"
1,"pe4501","pe7404","11"
1,"pe4501","pe7414","11"
1,"pe4501","pe7451","11"
1,"pe4501","pe7503","11"
1,"pe4502","pe7009","11"
1,"pe4502","pe7021","11"
1,"pe4502","pe7041","11"
1,"pe4502","pe7041","11"
1,"pe4502","pe7072","11"
1,"pe4502","pe7084","11"
1,"pe4502","pe7111","11"
1,"pe4502","pe7147","11"
1,"pe4502","pe7158","11"
1,"pe4502","pe7159","11"
1,"pe4502","pe7292","11"
1,"pe4502","pe7320","11"
1,"pe4502","pe7323","11"
1,"pe4502","pe7325","11"
1,"pe4502","pe7416","11"
1,"pe4701","pe4801","11"
1,"pe4701","pe7008","11"
1,"pe4701","pe7038","11"
1,"pe4702","pe7049","11"
1,"pe4702","pe7079","11"
1,"pe4702","pe7285","11"
1,"pe4702","pe7375","11"
1,"pe4702","pe7400","11"
1,"pe4702","pe7425","11"
1,"pe4702","pe7445","11"
1,"pe4801","pe7181","11"
1,"pe4801","pe7246","11"
1,"pe4801","pe7380","11"
1,"pe4801","pe7444","11"
1,"pe4801","pe7504","11"
1,"pe4802","pe7090","11"
1,"pe4802","pe7195","11"
1,"pe4802","pe7196","11"
1,"pe4802","pe7319","11"
1,"pe4802","pe7328","11"
1,"pe4802","pe7341","11"
1,"pe4802","pe7357","11"
1,"pe4901","pe7007","11"
1,"pe4901","pe7025","11"
1,"pe4901","pe7140","11"
1,"pe4901","pe7161","11"
1,"pe4901","pe7401","11"
1,"pe4901","pe7414","11"
1,"pe4901","pe7422","11"
1,"pe4901","pe7444","11"
1,"pe4902","pe7007","11"
1,"pe4902","pe7025","11"
1,"pe4902","pe7090","11"
1,"pe4902","pe7099","11"
1,"pe4902","pe7129","11"
1,"pe4902","pe7182","11"
1,"pe4902","pe7192","11"
1,"pe4902","pe7193","11"
1,"pe4902","pe7251","11"
1,"pe4902","pe7260","11"
1,"pe4902","pe7426","11"
1,"pe4902","pe7433","11"
1,"pe5201","pe7073","11"
1,"pe5201","pe7092","11"
1,"pe5201","pe7156","11"
1,"pe5202","pe7011","11"
1,"pe5202","pe7034","11"
1,"pe5202","pe7136","11"
1,"pe5202","pe7167","11"
1,"pe5202","pe7212","11"
1,"pe5202","pe7217","11"
1,"pe5202","pe7218","11"
1,"pe5202","pe7296","11"
1,"pe5202","pe7314","11"
1,"pe5202","pe7350","11"
1,"pe5202","pe7366","11"
1,"pe5401","pe7030","11"
1,"pe5401","pe7035","11"
1,"pe5401","pe7043","11"
1,"pe5401","pe7145","11"
1,"pe5401","pe7154","11"
1,"pe5401","pe7183","11"
1,"pe5401","pe7222","11"
1,"pe5401","pe7236","11"
1,"pe5401","pe7264","11"
1,"pe5401","pe7272","11"
1,"pe5401","pe7286","11"
1,"pe5401","pe7299","11"
1,"pe5401","pe7393","11"
1,"pe5401","pe7403","11"
1,"pe5701","pe7249","11"
1,"pe5701","pe7267","11"
1,"pe5701","pe7353","11"
1,"pe6101","pe7123","11"
1,"pe6101","pe7184","11"
1,"pe6101","pe7245","11"
1,"pe6102","pe2101","11"
1,"pe6102","pe4501","11"
1,"pe6102","pe7406","11"
1,"pe6201","pe7124","11"
1,"pe6201","pe7211","11"
1,"pe6201","pe7431","11"
1,"pe0101","pe3510","relation"
1,"pe0101","pe7005","relation"
1,"pe0101","pe7076","relation"
1,"pe0101","pe7182","relation"
1,"pe0102","pe7060","relation"
1,"pe0102","pe7060","relation"
1,"pe0102","pe7078","relation"
1,"pe0102","pe7152","relation"
1,"pe0102","pe7221","relation"
1,"pe0102","pe7228","relation"
1,"pe0102","pe7246","relation"
1,"pe0102","pe7287","relation"
1,"pe0102","pe7300","relation"
1,"pe0102","pe7364","relation"
1,"pe0201","pe7197","relation"
1,"pe0201","pe7207","relation"
1,"pe0202","pe7075","relation"
1,"pe0202","pe7130","relation"
1,"pe0202","pe7324","relation"
1,"pe0202","pe7352","relation"
1,"pe0202","pe7387","relation"
1,"pe0202","pe7440","relation"
1,"pe0301","pe7131","relation"
1,"pe0301","pe7171","relation"
1,"pe0301","pe7289","relation"
1,"pe0301","pe7376","relation"
1,"pe0302","pe7055","relation"
1,"pe0302","pe7080","relation"
1,"pe0302","pe7146","relation"
1,"pe0302","pe7349","relation"
1,"pe0302","pe7362","relation"
1,"pe0302","pe7379","relation"
1,"pe0302","pe7394","relation"
1,"pe0302","pe7507","relation"
1,"pe0401","pe7027","relation"
1,"pe0401","pe7120","relation"
1,"pe0401","pe7203","relation"
1,"pe0401","pe7206","relation"
1,"pe0401","pe7225","relation"
1,"pe0401","pe7306","relation"
1,"pe0401","pe7333","relation"
1,"pe0501","pe7007","relation"
1,"pe0501","pe7082","relation"
1,"pe0501","pe7099","relation"
1,"pe0501","pe7182","relation"
1,"pe0501","pe7246","relation"
1,"pe0501","pe7300","relation"
1,"pe0502","pe7007","relation"
1,"pe0502","pe7090","relation"
1,"pe0502","pe7192","relation"
1,"pe0502","pe7257","relation"
1,"pe0502","pe7298","relation"
1,"pe0502","pe7341","relation"
1,"pe0502","pe7388","relation"
1,"pe0502","pe7392","relation"
1,"pe0502","pe7414","relation"
1,"pe0502","pe7444","relation"
1,"pe0502","pe7504","relation"
1,"pe0601","pe7061","relation"
1,"pe0601","pe7102","relation"
1,"pe0601","pe7405","relation"
1,"pe0602","pe7113","relation"
1,"pe0602","pe7300","relation"
1,"pe0701","pe7168","relation"
1,"pe0701","pe7192","relation"
1,"pe0701","pe7205","relation"
1,"pe0701","pe7453","relation"
1,"pe0702","pe7048","relation"
1,"pe0702","pe7058","relation"
1,"pe0702","pe7088","relation"
1,"pe0702","pe7192","relation"
1,"pe0702","pe7373","relation"
1,"pe0702","pe7383","relation"
1,"pe0702","pe7435","relation"
1,"pe0702","pe7439","relation"
1,"pe0702","pe7443","relation"
1,"pe0801","pe7232","relation"
1,"pe0801","pe7270","relation"
1,"pe0801","pe7279","relation"
1,"pe0801","pe7334","relation"
1,"pe0801","pe7372","relation"
1,"pe0801","pe7384","relation"
1,"pe1001","pe3510","relation"
1,"pe1001","pe7057","relation"
1,"pe1001","pe7141","relation"
1,"pe1001","pe7187","relation"
1,"pe1001","pe7329","relation"
1,"pe1002","pe7074","relation"
1,"pe1002","pe7110","relation"
1,"pe1101","pe7282","relation"
1,"pe1101","pe7347","relation"
1,"pe1101","pe7355","relation"
1,"pe1102","pe7081","relation"
1,"pe1102","pe7091","relation"
1,"pe1102","pe7327","relation"
1,"pe1102","pe7347","relation"
1,"pe1201","pe7194","relation"
1,"pe1201","pe7204","relation"
1,"pe1202","pe7089","relation"
1,"pe1202","pe7119","relation"
1,"pe1202","pe7250","relation"
1,"pe1202","pe7276","relation"
1,"pe1202","pe7310","relation"
1,"pe1202","pe7411","relation"
1,"pe1301","pe7024","relation"
1,"pe1301","pe7244","relation"
1,"pe1302","pe7054","relation"
1,"pe1302","pe7132","relation"
1,"pe1302","pe7230","relation"
1,"pe1302","pe7243","relation"
1,"pe1302","pe7335","relation"
1,"pe1302","pe7374","relation"
1,"pe1601","pe7246","relation"
1,"pe1601","pe7300","relation"
1,"pe1602","pe7018","relation"
1,"pe1602","pe7117","relation"
1,"pe1602","pe7117","relation"
1,"pe1602","pe7177","relation"
1,"pe1602","pe7252","relation"
1,"pe1602","pe7329","relation"
1,"pe1602","pe7348","relation"
1,"pe1602","pe7354","relation"
1,"pe1602","pe7407","relation"
1,"pe1602","pe7428","relation"
1,"pe1602","pe7436","relation"
1,"pe1602","pe7450","relation"
1,"pe1701","pe7184","relation"
1,"pe1701","pe7202","relation"
1,"pe1702","pe7003","relation"
1,"pe1702","pe7164","relation"
1,"pe1702","pe7175","relation"
1,"pe1702","pe7239","relation"
1,"pe1702","pe7377","relation"
1,"pe1702","pe7413","relation"
1,"pe1901","pe3510","relation"
1,"pe1901","pe7027","relation"
1,"pe1901","pe7180","relation"
1,"pe1901","pe7245","relation"
1,"pe1901","pe7432","relation"
1,"pe1901","pe7502","relation"
1,"pe1902","pe7044","relation"
1,"pe1902","pe7157","relation"
1,"pe1902","pe7164","relation"
1,"pe1902","pe7198","relation"
1,"pe1902","pe7245","relation"
1,"pe1902","pe7307","relation"
1,"pe1902","pe7418","relation"
1,"pe2001","pe7116","relation"
1,"pe2001","pe7313","relation"
1,"pe2001","pe7318","relation"
1,"pe2002","pe7047","relation"
1,"pe2002","pe7114","relation"
1,"pe2002","pe7234","relation"
1,"pe2002","pe7269","relation"
1,"pe2002","pe7280","relation"
1,"pe2002","pe7302","relation"
1,"pe2002","pe7308","relation"
1,"pe2002","pe7356","relation"
1,"pe2002","pe7386","relation"
1,"pe2101","pe7036","relation"
1,"pe2101","pe7219","relation"
1,"pe2101","pe7312","relation"
1,"pe2101","pe7345","relation"
1,"pe2102","pe7053","relation"
1,"pe2102","pe7067","relation"
1,"pe2102","pe7293","relation"
1,"pe2102","pe7330","relation"
1,"pe2201","pe7039","relation"
1,"pe2201","pe7106","relation"
1,"pe2201","pe7107","relation"
1,"pe2201","pe7144","relation"
1,"pe2201","pe7417","relation"
1,"pe2202","pe7022","relation"
1,"pe2202","pe7037","relation"
1,"pe2202","pe7103","relation"
1,"pe2301","pe7200","relation"
1,"pe2301","pe7206","relation"
1,"pe2401","pe7076","relation"
1,"pe2401","pe7182","relation"
1,"pe2401","pe7231","relation"
1,"pe2401","pe7253","relation"
1,"pe2402","pe7057","relation"
1,"pe2402","pe7141","relation"
1,"pe2402","pe7277","relation"
1,"pe2402","pe7278","relation"
1,"pe2402","pe7303","relation"
1,"pe2402","pe7331","relation"
1,"pe2501","pe7032","relation"
1,"pe2501","pe7105","relation"
1,"pe2501","pe7179","relation"
1,"pe2501","pe7179","relation"
1,"pe2501","pe7240","relation"
1,"pe2501","pe7315","relation"
1,"pe2501","pe7427","relation"
1,"pe2501","pe7437","relation"
1,"pe2501","pe7446","relation"
1,"pe2502","pe7002","relation"
1,"pe2502","pe7020","relation"
1,"pe2502","pe7032","relation"
1,"pe2502","pe7254","relation"
1,"pe2502","pe7290","relation"
1,"pe2502","pe7358","relation"
1,"pe2502","pe7429","relation"
1,"pe2601","pe7063","relation"
1,"pe2601","pe7073","relation"
1,"pe2601","pe7109","relation"
1,"pe2601","pe7153","relation"
1,"pe2601","pe7156","relation"
1,"pe2601","pe7191","relation"
1,"pe2601","pe7242","relation"
1,"pe2601","pe7270","relation"
1,"pe2601","pe7279","relation"
1,"pe2601","pe7398","relation"
1,"pe2601","pe7438","relation"
1,"pe2602","pe7037","relation"
1,"pe2602","pe7040","relation"
1,"pe2602","pe7050","relation"
1,"pe2602","pe7121","relation"
1,"pe2602","pe7158","relation"
1,"pe2602","pe7303","relation"
1,"pe2602","pe7371","relation"
1,"pe2701","pe7019","relation"
1,"pe2701","pe7096","relation"
1,"pe2701","pe7176","relation"
1,"pe2701","pe7199","relation"
1,"pe2701","pe7247","relation"
1,"pe2701","pe7284","relation"
1,"pe2701","pe7379","relation"
1,"pe2702","pe7046","relation"
1,"pe2702","pe7200","relation"
1,"pe2702","pe7229","relation"
1,"pe2702","pe7266","relation"
1,"pe2702","pe7434","relation"
1,"pe2702","pe7505","relation"
1,"pe2801","pe7016","relation"
1,"pe2801","pe7019","relation"
1,"pe2801","pe7203","relation"
1,"pe2801","pe7206","relation"
1,"pe2801","pe7241","relation"
1,"pe2801","pe7284","relation"
1,"pe2801","pe7290","relation"
1,"pe2801","pe7379","relation"
1,"pe2801","pe7395","relation"
1,"pe2801","pe7396","relation"
1,"pe2802","pe7019","relation"
1,"pe2802","pe7045","relation"
1,"pe2802","pe7148","relation"
1,"pe2802","pe7199","relation"
1,"pe2802","pe7206","relation"
1,"pe2802","pe7283","relation"
1,"pe2802","pe7291","relation"
1,"pe2802","pe7332","relation"
1,"pe2802","pe7340","relation"
1,"pe2802","pe7343","relation"
1,"pe2802","pe7363","relation"
1,"pe2802","pe7389","relation"
1,"pe2802","pe7448","relation"
1,"pe2901","pe7026","relation"
1,"pe2901","pe7085","relation"
1,"pe2901","pe7122","relation"
1,"pe2901","pe7241","relation"
1,"pe2901","pe7317","relation"
1,"pe3102","pe7149","relation"
1,"pe3102","pe7201","relation"
1,"pe3102","pe7232","relation"
1,"pe3102","pe7255","relation"
1,"pe3201","pe7004","relation"
1,"pe3201","pe7028","relation"
1,"pe3201","pe7071","relation"
1,"pe3201","pe7081","relation"
1,"pe3201","pe7163","relation"
1,"pe3201","pe7183","relation"
1,"pe3201","pe7183","relation"
1,"pe3201","pe7220","relation"
1,"pe3201","pe7248","relation"
1,"pe3201","pe7352","relation"
1,"pe3201","pe7400","relation"
1,"pe3301","pe7001","relation"
1,"pe3301","pe7117","relation"
1,"pe3301","pe7151","relation"
1,"pe3301","pe7165","relation"
1,"pe3301","pe7295","relation"
1,"pe3301","pe7309","relation"
1,"pe3301","pe7359","relation"
1,"pe3301","pe7378","relation"
1,"pe3302","pe7017","relation"
1,"pe3302","pe7042","relation"
1,"pe3302","pe7086","relation"
1,"pe3302","pe7094","relation"
1,"pe3302","pe7108","relation"
1,"pe3302","pe7112","relation"
1,"pe3302","pe7128","relation"
1,"pe3302","pe7138","relation"
1,"pe3302","pe7162","relation"
1,"pe3302","pe7178","relation"
1,"pe3302","pe7190","relation"
1,"pe3302","pe7208","relation"
1,"pe3302","pe7209","relation"
1,"pe3302","pe7238","relation"
1,"pe3302","pe7301","relation"
1,"pe3302","pe7346","relation"
1,"pe3302","pe7385","relation"
1,"pe3302","pe7385","relation"
1,"pe3302","pe7409","relation"
1,"pe3302","pe7419","relation"
1,"pe3302","pe7423","relation"
1,"pe3302","pe7447","relation"
1,"pe3401","pe7171","relation"
1,"pe3401","pe7188","relation"
1,"pe3401","pe7376","relation"
1,"pe3402","pe7142","relation"
1,"pe3402","pe7258","relation"
1,"pe3402","pe7263","relation"
1,"pe3402","pe7288","relation"
1,"pe3402","pe7344","relation"
1,"pe3402","pe7367","relation"
1,"pe3402","pe7415","relation"
1,"pe3501","pe3510","relation"
1,"pe3501","pe7057","relation"
1,"pe3501","pe7141","relation"
1,"pe3501","pe7143","relation"
1,"pe3501","pe7143","relation"
1,"pe3501","pe7149","relation"
1,"pe3501","pe7160","relation"
1,"pe3501","pe7210","relation"
1,"pe3501","pe7216","relation"
1,"pe3501","pe7275","relation"
1,"pe3501","pe7382","relation"
1,"pe3501","pe7430","relation"
1,"pe3502","pe7052","relation"
1,"pe3502","pe7150","relation"
1,"pe3502","pe7158","relation"
1,"pe3502","pe7189","relation"
1,"pe3502","pe7216","relation"
1,"pe3502","pe7274","relation"
1,"pe3502","pe7303","relation"
1,"pe3502","pe7370","relation"
1,"pe3502","pe7386","relation"
1,"pe3502","pe7452","relation"
1,"pe3701","pe7235","relation"
1,"pe3701","pe7365","relation"
1,"pe3702","pe7059","relation"
1,"pe3702","pe7200","relation"
1,"pe3702","pe7235","relation"
1,"pe3702","pe7322","relation"
1,"pe3702","pe7441","relation"
1,"pe3702","pe7510","relation"
1,"pe3801","pe7012","relation"
1,"pe3801","pe7083","relation"
1,"pe3801","pe7127","relation"
1,"pe3801","pe7394","relation"
1,"pe3802","pe7012","relation"
1,"pe3802","pe7083","relation"
1,"pe3802","pe7094","relation"
1,"pe3802","pe7223","relation"
1,"pe3802","pe7233","relation"
1,"pe3802","pe7281","relation"
1,"pe3802","pe7282","relation"
1,"pe3802","pe7326","relation"
1,"pe3802","pe7352","relation"
1,"pe3802","pe7394","relation"
1,"pe3901","pe7271","relation"
1,"pe4301","pe7035","relation"
1,"pe4301","pe7123","relation"
1,"pe4301","pe7154","relation"
1,"pe4301","pe7506","relation"
1,"pe4302","pe6002","relation"
1,"pe4401","pe7035","relation"
1,"pe4401","pe7213","relation"
1,"pe4401","pe7508","relation"
1,"pe4402","pe7051","relation"
1,"pe4402","pe7094","relation"
1,"pe4402","pe7094","relation"
1,"pe4402","pe7097","relation"
1,"pe4402","pe7273","relation"
1,"pe4402","pe7327","relation"
1,"pe4402","pe7412","relation"
1,"pe4501","pe7031","relation"
1,"pe4501","pe7098","relation"
1,"pe4501","pe7115","relation"
1,"pe4501","pe7305","relation"
1,"pe4501","pe7321","relation"
1,"pe4501","pe7390","relation"
1,"pe4501","pe7404","relation"
1,"pe4501","pe7414","relation"
1,"pe4501","pe7451","relation"
1,"pe4501","pe7503","relation"
1,"pe4502","pe7009","relation"
1,"pe4502","pe7021","relation"
1,"pe4502","pe7023","relation"
1,"pe4502","pe7041","relation"
1,"pe4502","pe7041","relation"
1,"pe4502","pe7064","relation"
1,"pe4502","pe7072","relation"
1,"pe4502","pe7084","relation"
1,"pe4502","pe7111","relation"
1,"pe4502","pe7147","relation"
1,"pe4502","pe7158","relation"
1,"pe4502","pe7159","relation"
1,"pe4502","pe7174","relation"
1,"pe4502","pe7192","relation"
1,"pe4502","pe7256","relation"
1,"pe4502","pe7292","relation"
1,"pe4502","pe7320","relation"
1,"pe4502","pe7323","relation"
1,"pe4502","pe7325","relation"
1,"pe4502","pe7337","relation"
1,"pe4502","pe7342","relation"
1,"pe4502","pe7351","relation"
1,"pe4502","pe7362","relation"
1,"pe4502","pe7397","relation"
1,"pe4502","pe7416","relation"
1,"pe4701","pe4903","relation"
1,"pe4701","pe7008","relation"
1,"pe4701","pe7038","relation"
1,"pe4702","pe7049","relation"
1,"pe4702","pe7079","relation"
1,"pe4702","pe7285","relation"
1,"pe4702","pe7375","relation"
1,"pe4702","pe7400","relation"
1,"pe4702","pe7425","relation"
1,"pe4702","pe7445","relation"
1,"pe4801","pe4903","relation"
1,"pe4801","pe7181","relation"
1,"pe4801","pe7193","relation"
1,"pe4801","pe7246","relation"
1,"pe4801","pe7380","relation"
1,"pe4801","pe7433","relation"
1,"pe4801","pe7444","relation"
1,"pe4801","pe7504","relation"
1,"pe4802","pe7007","relation"
1,"pe4802","pe7090","relation"
1,"pe4802","pe7195","relation"
1,"pe4802","pe7196","relation"
1,"pe4802","pe7319","relation"
1,"pe4802","pe7328","relation"
1,"pe4802","pe7341","relation"
1,"pe4802","pe7357","relation"
1,"pe4901","pe7007","relation"
1,"pe4901","pe7025","relation"
1,"pe4901","pe7140","relation"
1,"pe4901","pe7161","relation"
1,"pe4901","pe7401","relation"
1,"pe4901","pe7414","relation"
1,"pe4901","pe7422","relation"
1,"pe4901","pe7444","relation"
1,"pe4902","pe7007","relation"
1,"pe4902","pe7025","relation"
1,"pe4902","pe7065","relation"
1,"pe4902","pe7090","relation"
1,"pe4902","pe7099","relation"
1,"pe4902","pe7182","relation"
1,"pe4902","pe7192","relation"
1,"pe4902","pe7193","relation"
1,"pe4902","pe7224","relation"
1,"pe4902","pe7251","relation"
1,"pe4902","pe7260","relation"
1,"pe4902","pe7265","relation"
1,"pe4902","pe7271","relation"
1,"pe4902","pe7341","relation"
1,"pe4902","pe7426","relation"
1,"pe4902","pe7433","relation"
1,"pe5201","pe5301","relation"
1,"pe5201","pe7073","relation"
1,"pe5201","pe7092","relation"
1,"pe5201","pe7156","relation"
1,"pe5202","pe7011","relation"
1,"pe5202","pe7034","relation"
1,"pe5202","pe7136","relation"
1,"pe5202","pe7167","relation"
1,"pe5202","pe7212","relation"
1,"pe5202","pe7217","relation"
1,"pe5202","pe7218","relation"
1,"pe5202","pe7296","relation"
1,"pe5202","pe7314","relation"
1,"pe5202","pe7350","relation"
1,"pe5202","pe7366","relation"
1,"pe5202","pe7449","relation"
1,"pe5401","pe7030","relation"
1,"pe5401","pe7035","relation"
1,"pe5401","pe7043","relation"
1,"pe5401","pe7145","relation"
1,"pe5401","pe7154","relation"
1,"pe5401","pe7166","relation"
1,"pe5401","pe7183","relation"
1,"pe5401","pe7222","relation"
1,"pe5401","pe7236","relation"
1,"pe5401","pe7264","relation"
1,"pe5401","pe7272","relation"
1,"pe5401","pe7286","relation"
1,"pe5401","pe7299","relation"
1,"pe5401","pe7393","relation"
1,"pe5401","pe7403","relation"
1,"pe5701","pe7249","relation"
1,"pe5701","pe7267","relation"
1,"pe5701","pe7353","relation"
1,"pe6101","pe7123","relation"
1,"pe6101","pe7184","relation"
1,"pe6101","pe7245","relation"
1,"pe6102","pe6002","relation"
1,"pe6102","pe7406","relation"
1,"pe6201","pe7124","relation"
1,"pe6201","pe7211","relation"
1,"pe6201","pe7431","relation"
